ORDER NUMBER,ORDER DATE,ITEM NAME,QUANTITY,PRODUCT PRICE,TOTAL PRODUCTS
16118,03/08/2019 20:25,Plain Papadum,2,0.8,6
16118,03/08/2019 20:25,King Prawn Balti,1,12.95,6
16118,03/08/2019 20:25,Garlic Naan,1,2.95,6
16118,03/08/2019 20:25,Mushroom Rice,1,3.95,6
16118,03/08/2019 20:25,Paneer Tikka Masala,1,8.95,6
16118,03/08/2019 20:25,Mango Chutney,1,0.5,6
16117,03/08/2019 20:17,Plain Naan,1,2.6,7
16117,03/08/2019 20:17,Mushroom Rice,1,3.95,7
16117,03/08/2019 20:17,Tandoori Chicken (1/4),1,4.95,7
16117,03/08/2019 20:17,Vindaloo - Lamb,1,7.95,7
16117,03/08/2019 20:17,Chapati,1,1.95,7
16117,03/08/2019 20:17,Lamb Tikka,1,4.95,7
16117,03/08/2019 20:17,Saag Paneer,1,5.95,7
16116,03/08/2019 20:09,Aloo Chaat,1,4.95,5
16116,03/08/2019 20:09,Chicken Pakora,1,5.95,5
16116,03/08/2019 20:09,Chicken Chilli Garlic,1,9.95,5
16116,03/08/2019 20:09,Lamb Biryani,1,9.95,5
16116,03/08/2019 20:09,Keema Naan,1,2.95,5
16115,03/08/2019 20:01,Chicken Pakora,1,5.95,7
16115,03/08/2019 20:01,Plain Papadum,1,0.8,7
16115,03/08/2019 20:01,Mango Chutney,1,0.5,7
16115,03/08/2019 20:01,Red Sauce,1,0.5,7
16115,03/08/2019 20:01,Korma - Prawn,1,9.95,7
16115,03/08/2019 20:01,Peshwari Naan,1,2.95,7
16115,03/08/2019 20:01,Pilau Rice,1,2.95,7
16114,03/08/2019 19:44,Chicken Balti,1,9.95,2
16114,03/08/2019 19:44,Special Fried Rice,2,3.95,2
16113,03/08/2019 19:42,Chicken Tikka Masala,1,8.95,5
16113,03/08/2019 19:42,Curry - Lamb,1,7.95,5
16113,03/08/2019 19:42,Pilau Rice,1,2.95,5
16113,03/08/2019 19:42,Peshwari Naan,1,2.95,5
16113,03/08/2019 19:42,Plain Papadum,1,0.8,5
16112,03/08/2019 19:41,Plain Papadum,2,0.8,4
16112,03/08/2019 19:41,Vegetable Rice,1,3.95,4
16112,03/08/2019 19:41,Saag - Prawn,1,9.95,4
16112,03/08/2019 19:41,Tandoori Chicken Masala,1,8.95,4
16111,03/08/2019 19:29,Pilau Rice,1,2.95,4
16111,03/08/2019 19:29,Lamb Tikka Chilli Masala,1,8.95,4
16111,03/08/2019 19:29,Peshwari Naan,1,2.95,4
16111,03/08/2019 19:29,Saag Aloo,1,5.95,4
16110,03/08/2019 19:28,Aloo Gobi,1,5.95,8
16110,03/08/2019 19:28,Bhindi Bhajee,1,5.95,8
16110,03/08/2019 19:28,Saag Paneer,1,5.95,8
16110,03/08/2019 19:28,Mint Sauce,2,0.5,8
16110,03/08/2019 19:28,Chicken Biryani,1,9.95,8
16110,03/08/2019 19:28,Garlic Naan,1,2.95,8
16110,03/08/2019 19:28,Plain Naan,1,2.6,8
16110,03/08/2019 19:28,Tandoori Chicken Masala,1,8.95,8
16109,03/08/2019 19:26,Plain Papadum,4,0.8,7
16109,03/08/2019 19:26,Red Sauce,2,0.5,7
16109,03/08/2019 19:26,Chicken Tikka Masala,1,8.95,7
16109,03/08/2019 19:26,Madras - Chicken Tikka,1,7.95,7
16109,03/08/2019 19:26,Mushroom Rice,2,3.95,7
16109,03/08/2019 19:26,Garlic Naan,1,2.95,7
16109,03/08/2019 19:26,Bombay Aloo,1,5.95,7
16108,03/08/2019 19:25,Onion Bhajee,1,3.95,15
16108,03/08/2019 19:25,Sheek Kebab,1,4.95,15
16108,03/08/2019 19:25,Plain Papadum,8,0.8,15
16108,03/08/2019 19:25,Mango Chutney,2,0.5,15
16108,03/08/2019 19:25,Mint Sauce,2,0.5,15
16108,03/08/2019 19:25,Onion Chutney,1,0.5,15
16108,03/08/2019 19:25,Chicken Tikka (Main),1,8.95,15
16108,03/08/2019 19:25,Korma - Chicken,1,8.95,15
16108,03/08/2019 19:25,Chicken Tikka Masala,1,8.95,15
16108,03/08/2019 19:25,Plain Rice,1,2.95,15
16108,03/08/2019 19:25,Pilau Rice,1,2.95,15
16108,03/08/2019 19:25,Keema Naan,2,2.95,15
16108,03/08/2019 19:25,French Fries,1,3.95,15
16108,03/08/2019 19:25,Chicken Biryani,1,9.95,15
16108,03/08/2019 19:25,Mushroom Rice,1,3.95,15
16107,03/08/2019 19:16,Onion Bhajee,1,3.95,4
16107,03/08/2019 19:16,Korma - Chicken,1,8.95,4
16107,03/08/2019 19:16,Peshwari Naan,1,2.95,4
16107,03/08/2019 19:16,Pilau Rice,1,2.95,4
16106,03/08/2019 18:37,Chicken Tikka (Main),1,8.95,3
16106,03/08/2019 18:37,Chicken Tikka Masala,1,8.95,3
16106,03/08/2019 18:37,Meat Samosa,1,3.95,3
16105,03/08/2019 18:36,Plain Papadum,2,0.8,9
16105,03/08/2019 18:36,Mango Chutney,1,0.5,9
16105,03/08/2019 18:36,Mint Sauce,1,0.5,9
16105,03/08/2019 18:36,Red Sauce,1,0.5,9
16105,03/08/2019 18:36,Keema Rice,1,3.95,9
16105,03/08/2019 18:36,Keema Naan,1,2.95,9
16105,03/08/2019 18:36,Chicken Chilli Garlic,1,9.95,9
16105,03/08/2019 18:36,Lamb Hari Mirch,1,9.95,9
16105,03/08/2019 18:36,Mushroom Bhajee,1,5.95,9
16104,03/08/2019 18:36,Curry - Chicken,1,7.95,4
16104,03/08/2019 18:36,Bombay Aloo,1,5.95,4
16104,03/08/2019 18:36,Plain Naan,1,2.6,4
16104,03/08/2019 18:36,Vegetable Rice,1,3.95,4
16103,03/08/2019 18:34,Chicken Tikka Biryani,1,10.95,2
16103,03/08/2019 18:34,Mixed Starter,1,5.95,2
16102,03/08/2019 18:32,Onion Bhajee,1,3.95,4
16102,03/08/2019 18:32,Chicken Tikka Biryani,1,10.95,4
16102,03/08/2019 18:32,Bhuna - Chicken Tikka,1,8.95,4
16102,03/08/2019 18:32,Mushroom Rice,1,3.95,4
16101,03/08/2019 18:12,Keema Rice,1,3.95,3
16101,03/08/2019 18:12,Madras - Lamb,1,7.95,3
16101,03/08/2019 18:12,Bombay Aloo,1,5.95,3
16100,03/08/2019 18:00,Masala Sauce,1,3.95,9
16100,03/08/2019 18:00,Mushroom Rice,1,3.95,9
16100,03/08/2019 18:00,Bottle Coke,1,2.95,9
16100,03/08/2019 18:00,Peshwari Naan,1,2.95,9
16100,03/08/2019 18:00,Tandoori Mixed Grill,2,11.95,9
16100,03/08/2019 18:00,Plain Papadum,3,0.8,9
16100,03/08/2019 18:00,Mint Sauce,1,0.5,9
16100,03/08/2019 18:00,Mango Chutney,1,0.5,9
16100,03/08/2019 18:00,Korma Sauce,1,3.95,9
16099,03/08/2019 17:58,Pathia - Prawn,1,9.95,5
16099,03/08/2019 17:58,Chicken Biryani,1,9.95,5
16099,03/08/2019 17:58,Peshwari Naan,2,2.95,5
16099,03/08/2019 17:58,Plain Papadum,1,0.8,5
16099,03/08/2019 17:58,Mint Sauce,1,0.5,5
16098,03/08/2019 17:57,Chicken Tikka Jalfrezi,1,8.95,6
16098,03/08/2019 17:57,Bhuna - Lamb,1,8.95,6
16098,03/08/2019 17:57,Special Fried Rice,2,3.95,6
16098,03/08/2019 17:57,Peshwari Naan,1,2.95,6
16098,03/08/2019 17:57,Aloo Gobi,1,5.95,6
16098,03/08/2019 17:57,Chicken Tikka Masala,1,8.95,6
16097,03/08/2019 17:52,Meat Samosa,1,3.95,9
16097,03/08/2019 17:52,Mixed Vegetable Curry,1,5.95,9
16097,03/08/2019 17:52,Dupiaza - Lamb,1,8.95,9
16097,03/08/2019 17:52,Lemon Rice,1,3.95,9
16097,03/08/2019 17:52,Methi - Lamb,1,8.95,9
16097,03/08/2019 17:52,Pilau Rice,1,2.95,9
16097,03/08/2019 17:52,Garlic Naan,1,2.95,9
16097,03/08/2019 17:52,Onion Bhajee,1,3.95,9
16097,03/08/2019 17:52,Spicy Papadum,1,0.8,9
16096,03/08/2019 17:18,Plain Naan,1,2.6,5
16096,03/08/2019 17:18,Pilau Rice,1,2.95,5
16096,03/08/2019 17:18,Chicken Tikka Masala,1,8.95,5
16096,03/08/2019 17:18,Bhuna - Lamb,1,8.95,5
16096,03/08/2019 17:18,Plain Papadum,2,0.8,5
16095,03/08/2019 16:21,Lamb Biryani,1,9.95,2
16095,03/08/2019 16:21,Plain Naan,2,2.6,2
16094,02/08/2019 20:23,Lamb Tikka,1,4.95,9
16094,02/08/2019 20:23,Onion Bhajee,1,3.95,9
16094,02/08/2019 20:23,Saag Paneer,1,5.95,9
16094,02/08/2019 20:23,Chicken Tikka Masala,1,8.95,9
16094,02/08/2019 20:23,Keema Rice,1,3.95,9
16094,02/08/2019 20:23,Rogon - Lamb,1,8.95,9
16094,02/08/2019 20:23,Chicken Tikka Karahi,1,9.95,9
16094,02/08/2019 20:23,Pilau Rice,1,2.95,9
16094,02/08/2019 20:23,Bombay Aloo,1,5.95,9
16093,02/08/2019 20:18,Onion Bhajee,1,3.95,6
16093,02/08/2019 20:18,French Fries,1,3.95,6
16093,02/08/2019 20:18,Chicken Tikka Masala,1,8.95,6
16093,02/08/2019 20:18,Korma - Chicken,1,8.95,6
16093,02/08/2019 20:18,Plain Naan,1,2.6,6
16093,02/08/2019 20:18,Pilau Rice,1,2.95,6
16092,02/08/2019 19:33,Aloo Chaat,1,4.95,5
16092,02/08/2019 19:33,Chicken Tikka Masala,1,8.95,5
16092,02/08/2019 19:33,Garlic Naan,1,2.95,5
16092,02/08/2019 19:33,Pilau Rice,1,2.95,5
16092,02/08/2019 19:33,Bhuna - Chicken,1,8.95,5
16091,02/08/2019 19:19,Plain Papadum,3,0.8,5
16091,02/08/2019 19:19,Lemon Rice,1,3.95,5
16091,02/08/2019 19:19,Lamb Mysore,1,9.95,5
16091,02/08/2019 19:19,Dhansak - Chicken,1,8.95,5
16091,02/08/2019 19:19,Chapati,1,1.95,5
16090,02/08/2019 19:14,Lamb Biryani,2,9.95,2
16090,02/08/2019 19:14,Peshwari Naan,1,2.95,2
16089,02/08/2019 18:41,Onion Bhajee,1,3.95,21
16089,02/08/2019 18:41,Aloo Gobi,1,5.95,21
16089,02/08/2019 18:41,Chicken Biryani,1,9.95,21
16089,02/08/2019 18:41,Madras - Chicken,1,7.95,21
16089,02/08/2019 18:41,Korma - Chicken,1,8.95,21
16089,02/08/2019 18:41,Chicken Balti,1,9.95,21
16089,02/08/2019 18:41,Chicken Tikka Chilli Masala,1,8.95,21
16089,02/08/2019 18:41,Lal Mirch Chicken,1,9.95,21
16089,02/08/2019 18:41,Korma - Prawn,1,9.95,21
16089,02/08/2019 18:41,Korma - King Prawn,1,12.95,21
16089,02/08/2019 18:41,Plain Rice,1,2.95,21
16089,02/08/2019 18:41,Mushroom Rice,2,3.95,21
16089,02/08/2019 18:41,Garlic Naan,1,2.95,21
16089,02/08/2019 18:41,Keema Naan,1,2.95,21
16089,02/08/2019 18:41,Peshwari Naan,1,2.95,21
16089,02/08/2019 18:41,Plain Papadum,10,0.8,21
16089,02/08/2019 18:41,Spicy Papadum,2,0.8,21
16089,02/08/2019 18:41,Mango Chutney,2,0.5,21
16089,02/08/2019 18:41,Onion Chutney,6,0.5,21
16089,02/08/2019 18:41,Red Sauce,4,0.5,21
16089,02/08/2019 18:41,Mint Sauce,2,0.5,21
16088,02/08/2019 18:18,Vindaloo - Chicken,1,7.95,7
16088,02/08/2019 18:18,Madras - Chicken Tikka,1,7.95,7
16088,02/08/2019 18:18,Plain Rice,2,2.95,7
16088,02/08/2019 18:18,Plain Naan,2,2.6,7
16088,02/08/2019 18:18,Madras - Chicken,1,7.95,7
16088,02/08/2019 18:18,Plain Papadum,4,0.8,7
16088,02/08/2019 18:18,Bombay Aloo,1,5.95,7
16087,02/08/2019 17:57,Chicken Tikka Jalfrezi,1,8.95,5
16087,02/08/2019 17:57,Pilau Rice,1,2.95,5
16087,02/08/2019 17:57,Plain Papadum,2,0.8,5
16087,02/08/2019 17:57,Spicy Papadum,1,0.8,5
16087,02/08/2019 17:57,Vindaloo Sauce,1,3.95,5
16086,02/08/2019 17:43,Onion Bhajee,1,3.95,8
16086,02/08/2019 17:43,Mango Chutney,1,0.5,8
16086,02/08/2019 17:43,Meat Samosa,1,3.95,8
16086,02/08/2019 17:43,Chicken Pakora,1,5.95,8
16086,02/08/2019 17:43,Lamb Biryani,1,9.95,8
16086,02/08/2019 17:43,Chicken Biryani,1,9.95,8
16086,02/08/2019 17:43,Chicken Tikka Biryani,1,10.95,8
16086,02/08/2019 17:43,Aloo Gobi,1,5.95,8
16085,02/08/2019 17:26,Chicken Tikka Jalfrezi,1,8.95,7
16085,02/08/2019 17:26,Bombay Aloo,1,5.95,7
16085,02/08/2019 17:26,Chana Masala,1,5.95,7
16085,02/08/2019 17:26,Dupiaza - Chicken,1,8.95,7
16085,02/08/2019 17:26,Keema Naan,1,2.95,7
16085,02/08/2019 17:26,Pilau Rice,1,2.95,7
16085,02/08/2019 17:26,Mushroom Rice,1,3.95,7
16084,02/08/2019 14:11,Muttar Paneer,1,5.95,4
16084,02/08/2019 14:11,Garlic Naan,1,2.95,4
16084,02/08/2019 14:11,Mushroom Rice,1,3.95,4
16084,02/08/2019 14:11,Plain Naan,1,2.6,4
16083,02/08/2019 11:35,Chicken Tikka (Main),2,8.95,15
16083,02/08/2019 11:35,Tandoori Mixed Grill,1,11.95,15
16083,02/08/2019 11:35,Chicken Tikka Masala,1,8.95,15
16083,02/08/2019 11:35,Curry - Chicken,1,7.95,15
16083,02/08/2019 11:35,Bombay Aloo,2,5.95,15
16083,02/08/2019 11:35,Muttar Paneer,1,5.95,15
16083,02/08/2019 11:35,Plain Naan,4,2.6,15
16083,02/08/2019 11:35,Pilau Rice,4,2.95,15
16083,02/08/2019 11:35,Keema Rice,1,3.95,15
16083,02/08/2019 11:35,Aloo Chaat,1,4.95,15
16083,02/08/2019 11:35,Chicken Balti,1,9.95,15
16083,02/08/2019 11:35,Chicken Shashlick,1,9.95,15
16083,02/08/2019 11:35,Vegetable Balti,1,9.95,15
16083,02/08/2019 11:35,Cauliflower Bhajee,1,5.95,15
16083,02/08/2019 11:35,Vindaloo - Chicken,1,7.95,15
16082,01/08/2019 20:42,Butter Chicken,1,9.95,2
16082,01/08/2019 20:42,Prawn Balti,1,10.95,2
16081,01/08/2019 19:51,Tandoori Chicken Masala,1,8.95,9
16081,01/08/2019 19:51,Curry - Chicken,1,7.95,9
16081,01/08/2019 19:51,Aloo Gobi,1,5.95,9
16081,01/08/2019 19:51,Plain Naan,1,2.6,9
16081,01/08/2019 19:51,Pilau Rice,1,2.95,9
16081,01/08/2019 19:51,Plain Papadum,1,0.8,9
16081,01/08/2019 19:51,Red Sauce,1,0.5,9
16081,01/08/2019 19:51,Mango Chutney,1,0.5,9
16081,01/08/2019 19:51,Mixed Starter,1,5.95,9
16080,01/08/2019 19:16,Madras - Lamb,1,7.95,6
16080,01/08/2019 19:16,Mushroom Rice,1,3.95,6
16080,01/08/2019 19:16,French Fries,1,3.95,6
16080,01/08/2019 19:16,Korma - Chicken,2,8.95,6
16080,01/08/2019 19:16,Plain Naan,1,2.6,6
16080,01/08/2019 19:16,Garlic Naan,1,2.95,6
16079,01/08/2019 18:45,Plain Papadum,4,0.8,5
16079,01/08/2019 18:45,Pathia - Chicken Tikka,2,8.95,5
16079,01/08/2019 18:45,COBRA ( LARGE ),1,5.95,5
16079,01/08/2019 18:45,House white wine 75cl,1,17.95,5
16079,01/08/2019 18:45,Pilau Rice,2,2.95,5
16078,01/08/2019 18:41,Lamb Tikka,1,4.95,6
16078,01/08/2019 18:41,Lime Pickle,1,0.5,6
16078,01/08/2019 18:41,Onion Chutney,1,0.5,6
16078,01/08/2019 18:41,Plain Rice,1,2.95,6
16078,01/08/2019 18:41,King Prawn Shaslick,1,12.95,6
16078,01/08/2019 18:41,COBRA ( LARGE ),2,5.95,6
16077,01/08/2019 18:21,Chicken Tikka Biryani,1,10.95,3
16077,01/08/2019 18:21,Stuffed Paratha,1,3.95,3
16077,01/08/2019 18:21,Meat Samosa,1,3.95,3
16076,01/08/2019 18:02,Plain Rice,1,2.95,7
16076,01/08/2019 18:02,Plain Naan,2,2.6,7
16076,01/08/2019 18:02,Mixed Vegetable Curry,1,5.95,7
16076,01/08/2019 18:02,Aloo Gobi,1,5.95,7
16076,01/08/2019 18:02,Curry Sauce,1,3.95,7
16076,01/08/2019 18:02,Mango Chutney,1,0.5,7
16076,01/08/2019 18:02,Raitha,1,2.95,7
16075,01/08/2019 17:59,Madras - Chicken,1,7.95,4
16075,01/08/2019 17:59,Plain Naan,1,2.6,4
16075,01/08/2019 17:59,Bottle Diet Coke,1,2.95,4
16075,01/08/2019 17:59,Plain Rice,1,2.95,4
16074,01/08/2019 17:34,Bombay Aloo,1,5.95,4
16074,01/08/2019 17:34,Chicken Tikka Jalfrezi,1,8.95,4
16074,01/08/2019 17:34,Mushroom Rice,1,3.95,4
16074,01/08/2019 17:34,Plain Papadum,2,0.8,4
16073,01/08/2019 13:33,Cauliflower Bhajee,1,5.95,4
16073,01/08/2019 13:33,Dhansak - Chicken,1,8.95,4
16073,01/08/2019 13:33,Tarka Dall,2,5.95,4
16073,01/08/2019 13:33,Saag Dall,1,5.95,4
16072,01/08/2019 12:33,Vindaloo - Chicken,2,7.95,4
16072,01/08/2019 12:33,Special Fried Rice,1,3.95,4
16072,01/08/2019 12:33,Plain Naan,1,2.6,4
16072,01/08/2019 12:33,Bombay Aloo,1,5.95,4
16071,31/07/2019 21:10,Lamb Biryani,1,9.95,4
16071,31/07/2019 21:10,Chicken Biryani,1,9.95,4
16071,31/07/2019 21:10,Bombay Aloo,1,5.95,4
16071,31/07/2019 21:10,Peshwari Naan,1,2.95,4
16069,31/07/2019 20:35,Dhansak - Lamb,1,8.95,4
16069,31/07/2019 20:35,Korma - Chicken,1,8.95,4
16069,31/07/2019 20:35,Plain Naan,1,2.6,4
16069,31/07/2019 20:35,Pilau Rice,1,2.95,4
16068,31/07/2019 20:11,Pilau Rice,2,2.95,4
16068,31/07/2019 20:11,Chicken Tikka Masala,2,8.95,4
16068,31/07/2019 20:11,Madras - Chicken Tikka,1,7.95,4
16068,31/07/2019 20:11,Onion Bhajee,2,3.95,4
16067,31/07/2019 20:05,Chicken Tikka Jalfrezi,1,8.95,4
16067,31/07/2019 20:05,Pilau Rice,1,2.95,4
16067,31/07/2019 20:05,Plain Naan,1,2.6,4
16067,31/07/2019 20:05,Green Salad,1,2.95,4
16066,31/07/2019 19:54,Sheek Kebab,1,4.95,7
16066,31/07/2019 19:54,Vegetable Biryani,1,9.95,7
16066,31/07/2019 19:54,Aloo Chaat,1,4.95,7
16066,31/07/2019 19:54,Madras - King Prawn,1,11.95,7
16066,31/07/2019 19:54,Pilau Rice,2,2.95,7
16066,31/07/2019 19:54,Butter Chicken,1,9.95,7
16066,31/07/2019 19:54,Plain Papadum,1,0.8,7
16065,31/07/2019 19:35,Chicken Tikka Masala,1,8.95,11
16065,31/07/2019 19:35,Plain Naan,5,2.6,11
16065,31/07/2019 19:35,Rogon - Chicken,1,8.95,11
16065,31/07/2019 19:35,Chicken Tikka (Main),1,8.95,11
16065,31/07/2019 19:35,Madras - Chicken Tikka,2,7.95,11
16065,31/07/2019 19:35,Garlic Naan,1,2.95,11
16065,31/07/2019 19:35,Bombay Aloo,1,5.95,11
16065,31/07/2019 19:35,Saag Aloo,1,5.95,11
16065,31/07/2019 19:35,French Fries,1,3.95,11
16065,31/07/2019 19:35,Pilau Rice,2,2.95,11
16065,31/07/2019 19:35,Onion Bhajee,3,3.95,11
16064,31/07/2019 19:31,Plain Papadum,4,0.8,5
16064,31/07/2019 19:31,Mint Sauce,1,0.5,5
16064,31/07/2019 19:31,Chicken Tikka Karahi,1,9.95,5
16064,31/07/2019 19:31,Mushroom Bhajee,1,5.95,5
16064,31/07/2019 19:31,Plain Rice,2,2.95,5
16063,31/07/2019 19:17,Chicken Tikka,1,4.95,4
16063,31/07/2019 19:17,Royal Paneer,1,5.95,4
16063,31/07/2019 19:17,Garlic Naan,1,2.95,4
16063,31/07/2019 19:17,Bottle Diet Coke,1,2.95,4
16062,31/07/2019 19:05,Korma - Chicken,1,8.95,5
16062,31/07/2019 19:05,Peshwari Naan,1,2.95,5
16062,31/07/2019 19:05,Lemon Rice,1,3.95,5
16062,31/07/2019 19:05,Mushroom Rice,1,3.95,5
16062,31/07/2019 19:05,Lamb Sylhet,1,9.95,5
16061,31/07/2019 19:02,Spicy Papadum,2,0.8,5
16061,31/07/2019 19:02,Red Sauce,1,0.5,5
16061,31/07/2019 19:02,Plain Rice,1,2.95,5
16061,31/07/2019 19:02,Dupiaza - Chicken Tikka,1,8.95,5
16061,31/07/2019 19:02,Chapati,1,1.95,5
16060,31/07/2019 18:58,Saag - Chicken,1,8.95,3
16060,31/07/2019 18:58,Saag Paneer,1,5.95,3
16060,31/07/2019 18:58,Saag Rice,1,3.95,3
16059,31/07/2019 18:50,Sheek Kebab,1,4.95,6
16059,31/07/2019 18:50,Plain Papadum,3,0.8,6
16059,31/07/2019 18:50,Lamb Tikka Masala,1,8.95,6
16059,31/07/2019 18:50,Pilau Rice,1,2.95,6
16059,31/07/2019 18:50,Keema Naan,1,2.95,6
16059,31/07/2019 18:50,French Fries,1,3.95,6
16058,31/07/2019 17:16,Keema Rice,1,3.95,3
16058,31/07/2019 17:16,Bombay Aloo,1,5.95,3
16058,31/07/2019 17:16,Madras - Lamb,1,7.95,3
16057,31/07/2019 13:55,Lamb Biryani,1,9.95,3
16057,31/07/2019 13:55,Lamb Tikka Chilli Masala,1,8.95,3
16057,31/07/2019 13:55,Garlic Naan,1,2.95,3
16056,30/07/2019 21:05,Paneer Tikka Sizzler,1,9.95,4
16056,30/07/2019 21:05,Vindaloo Sauce,1,3.95,4
16056,30/07/2019 21:05,Plain Rice,1,2.95,4
16056,30/07/2019 21:05,French Fries,1,3.95,4
16055,30/07/2019 20:10,Chicken Mysore,1,9.95,3
16055,30/07/2019 20:10,Garlic Naan,3,2.95,3
16055,30/07/2019 20:10,Lamb Chilli Garlic,1,9.95,3
16054,30/07/2019 19:55,Aloo Chaat,1,4.95,3
16054,30/07/2019 19:55,Tandoori Mixed Grill,1,11.95,3
16054,30/07/2019 19:55,Tandoori Roti,1,2.6,3
16053,30/07/2019 18:43,King Prawn Puree,1,5.95,5
16053,30/07/2019 18:43,Plain Papadum,1,0.8,5
16053,30/07/2019 18:43,Chicken Shashlick,1,9.95,5
16053,30/07/2019 18:43,Bhindi Bhajee,1,5.95,5
16053,30/07/2019 18:43,Dhansak Sauce,1,3.95,5
16052,30/07/2019 18:43,Onion Bhajee,2,3.95,4
16052,30/07/2019 18:43,Tarka Dall,1,5.95,4
16052,30/07/2019 18:43,Saag Paneer,1,5.95,4
16052,30/07/2019 18:43,Baingan Hari Mirch,1,5.95,4
16051,30/07/2019 18:38,Madras - Chicken,1,7.95,4
16051,30/07/2019 18:38,Lemon Rice,1,3.95,4
16051,30/07/2019 18:38,Spicy Papadum,1,0.8,4
16051,30/07/2019 18:38,French Fries,1,3.95,4
16050,30/07/2019 18:33,Mint Sauce,1,0.5,12
16050,30/07/2019 18:33,Lime Pickle,1,0.5,12
16048,30/07/2019 18:01,Mango Chutney,2,0.5,6
16047,30/07/2019 17:35,Red Sauce,1,0.5,6
16043,30/07/2019 17:00,Onion Chutney,1,0.5,8
16043,30/07/2019 17:00,Red Sauce,1,0.5,8
16041,29/07/2019 22:21,Red Sauce,1,0.5,6
16038,29/07/2019 20:03,Mango Chutney,1,0.5,8
16033,29/07/2019 17:20,Mint Sauce,1,0.5,6
16030,28/07/2019 20:00,Mango Chutney,1,0.5,9
16030,28/07/2019 20:00,Mint Sauce,1,0.5,9
16030,28/07/2019 20:00,Onion Chutney,1,0.5,9
16027,28/07/2019 19:29,Onion Chutney,1,0.5,5
16026,28/07/2019 19:29,Mango Chutney,1,0.5,7
16026,28/07/2019 19:29,Mint Sauce,1,0.5,7
16020,28/07/2019 17:58,Mango Chutney,1,0.5,6
16020,28/07/2019 17:58,Mint Sauce,1,0.5,6
16019,28/07/2019 17:41,Mango Chutney,1,0.5,6
16017,28/07/2019 17:10,Mango Chutney,1,0.5,7
16011,27/07/2019 20:28,Mango Chutney,1,0.5,10
16011,27/07/2019 20:28,Mint Sauce,1,0.5,10
16009,27/07/2019 19:49,Mango Chutney,2,0.5,11
16009,27/07/2019 19:49,Lime Pickle,1,0.5,11
16008,27/07/2019 19:36,Mango Chutney,1,0.5,6
16007,27/07/2019 19:35,Mint Sauce,1,0.5,9
16007,27/07/2019 19:35,Red Sauce,1,0.5,9
16006,27/07/2019 19:35,Mint Sauce,1,0.5,5
16006,27/07/2019 19:35,Mango Chutney,1,0.5,5
16005,27/07/2019 19:23,Mint Sauce,2,0.5,17
16002,27/07/2019 18:56,Mango Chutney,1,0.5,10
16002,27/07/2019 18:56,Mint Sauce,1,0.5,10
15998,27/07/2019 18:18,Mango Chutney,1,0.5,7
15996,27/07/2019 18:11,Mango Chutney,1,0.5,8
15995,27/07/2019 18:01,Mint Sauce,1,0.5,10
15995,27/07/2019 18:01,Mango Chutney,1,0.5,10
15990,27/07/2019 16:55,Onion Chutney,2,0.5,13
15990,27/07/2019 16:55,Red Sauce,2,0.5,13
15990,27/07/2019 16:55,Mint Sauce,2,0.5,13
15990,27/07/2019 16:55,Mango Chutney,1,0.5,13
15990,27/07/2019 16:55,Lime Pickle,1,0.5,13
15985,26/07/2019 20:42,Mint Sauce,1,0.5,6
15980,26/07/2019 19:51,Mango Chutney,1,0.5,6
15979,26/07/2019 19:42,Mango Chutney,1,0.5,6
15979,26/07/2019 19:42,Red Sauce,1,0.5,6
15978,26/07/2019 19:42,Red Sauce,1,0.5,10
15978,26/07/2019 19:42,Mango Chutney,1,0.5,10
15978,26/07/2019 19:42,Mint Sauce,1,0.5,10
15977,26/07/2019 19:33,Red Sauce,1,0.5,10
15977,26/07/2019 19:33,Mango Chutney,1,0.5,10
15977,26/07/2019 19:33,Mint Sauce,1,0.5,10
15973,26/07/2019 19:12,Mint Sauce,1,0.5,9
15973,26/07/2019 19:12,Red Sauce,1,0.5,9
15967,26/07/2019 18:32,Mango Chutney,1,0.5,7
15966,26/07/2019 18:14,Mango Chutney,1,0.5,7
15966,26/07/2019 18:14,Lime Pickle,1,0.5,7
15965,26/07/2019 17:56,Mango Chutney,1,0.5,7
15964,26/07/2019 17:46,Mint Sauce,2,0.5,11
15964,26/07/2019 17:46,Onion Chutney,1,0.5,11
15964,26/07/2019 17:46,Red Sauce,1,0.5,11
15964,26/07/2019 17:46,Lime Pickle,1,0.5,11
15955,25/07/2019 19:51,Onion Chutney,1,0.5,6
15955,25/07/2019 19:51,Red Sauce,1,0.5,6
15954,25/07/2019 19:50,Mango Chutney,2,0.5,5
15951,25/07/2019 19:11,Mint Sauce,1,0.5,8
15951,25/07/2019 19:11,Mango Chutney,1,0.5,8
15947,25/07/2019 17:23,Lime Pickle,1,0.5,5
15945,24/07/2019 23:08,Mango Chutney,1,0.5,11
15945,24/07/2019 23:08,Mint Sauce,1,0.5,11
15945,24/07/2019 23:08,Onion Chutney,1,0.5,11
15935,23/07/2019 21:30,Mint Sauce,1,0.5,9
15934,23/07/2019 19:54,Mango Chutney,2,0.5,3
15931,23/07/2019 19:26,Red Sauce,1,0.5,6
15931,23/07/2019 19:26,Mint Sauce,1,0.5,6
15925,22/07/2019 20:14,Onion Chutney,1,0.5,6
15925,22/07/2019 20:14,Mint Sauce,1,0.5,6
15925,22/07/2019 20:14,Red Sauce,1,0.5,6
15915,21/07/2019 18:55,Mango Chutney,2,0.5,5
15915,21/07/2019 18:55,Mint Sauce,1,0.5,5
15914,21/07/2019 18:47,Mango Chutney,1,0.5,7
15906,21/07/2019 17:26,Onion Chutney,1,0.5,6
15904,21/07/2019 14:36,Lime Pickle,1,0.5,4
15900,20/07/2019 21:17,Red Sauce,1,0.5,9
15896,20/07/2019 20:15,Mango Chutney,1,0.5,9
15895,20/07/2019 19:47,Mango Chutney,1,0.5,9
15895,20/07/2019 19:47,Mint Sauce,1,0.5,9
15892,20/07/2019 19:04,Mint Sauce,1,0.5,6
15892,20/07/2019 19:04,Onion Chutney,1,0.5,6
15891,20/07/2019 19:04,Mint Sauce,1,0.5,6
15891,20/07/2019 19:04,Onion Chutney,1,0.5,6
15890,20/07/2019 18:58,Mango Chutney,1,0.5,5
15888,20/07/2019 18:45,Mango Chutney,2,0.5,9
15887,20/07/2019 18:41,Mango Chutney,1,0.5,11
15887,20/07/2019 18:41,Mint Sauce,1,0.5,11
15887,20/07/2019 18:41,Red Sauce,1,0.5,11
15885,20/07/2019 18:12,Mint Sauce,1,0.5,5
15884,20/07/2019 18:08,Mint Sauce,1,0.5,5
15879,20/07/2019 16:55,Mango Chutney,1,0.5,7
15873,19/07/2019 20:15,Mint Sauce,1,0.5,8
15872,19/07/2019 19:44,Mango Chutney,1,0.5,12
15872,19/07/2019 19:44,Onion Chutney,4,0.5,12
15872,19/07/2019 19:44,Red Sauce,2,0.5,12
15870,19/07/2019 19:29,Mango Chutney,1,0.5,6
15869,19/07/2019 19:12,Mango Chutney,1,0.5,12
15869,19/07/2019 19:12,Lime Pickle,1,0.5,12
15869,19/07/2019 19:12,Mint Sauce,1,0.5,12
15867,19/07/2019 19:06,Red Sauce,1,0.5,10
15867,19/07/2019 19:06,Mint Sauce,1,0.5,10
15867,19/07/2019 19:06,Lime Pickle,1,0.5,10
15861,19/07/2019 18:10,Lime Pickle,1,0.5,11
15860,19/07/2019 18:08,Mango Chutney,1,0.5,5
15859,19/07/2019 18:05,Mango Chutney,1,0.5,5
15856,19/07/2019 17:42,Mango Chutney,2,0.5,7
15854,19/07/2019 17:31,Mango Chutney,2,0.5,6
15854,19/07/2019 17:31,Onion Chutney,2,0.5,6
15852,19/07/2019 17:14,Mango Chutney,1,0.5,9
15825,16/07/2019 20:22,Onion Chutney,2,0.5,4
15820,16/07/2019 19:02,Mango Chutney,2,0.5,7
15814,16/07/2019 17:35,Lime Pickle,1,0.5,6
15810,15/07/2019 21:44,Mint Sauce,1,0.5,4
15809,15/07/2019 21:30,Mint Sauce,1,0.5,3
15807,15/07/2019 20:35,Mint Sauce,1,0.5,5
15805,15/07/2019 19:18,Mango Chutney,2,0.5,4
15804,15/07/2019 18:51,Mango Chutney,1,0.5,8
15804,15/07/2019 18:51,Mint Sauce,1,0.5,8
15804,15/07/2019 18:51,Onion Chutney,1,0.5,8
15797,14/07/2019 20:29,Mint Sauce,1,0.5,6
15796,14/07/2019 20:23,Mint Sauce,2,0.5,5
15788,14/07/2019 18:07,Mango Chutney,1,0.5,6
15787,14/07/2019 17:47,Mango Chutney,1,0.5,9
15787,14/07/2019 17:47,Red Sauce,1,0.5,9
15785,14/07/2019 16:41,Mango Chutney,1,0.5,7
15784,14/07/2019 16:27,Onion Chutney,1,0.5,8
15784,14/07/2019 16:27,Mint Sauce,1,0.5,8
15776,13/07/2019 19:31,Mango Chutney,1,0.5,5
15774,13/07/2019 19:07,Mango Chutney,1,0.5,10
15774,13/07/2019 19:07,Mint Sauce,1,0.5,10
15771,13/07/2019 18:53,Mango Chutney,1,0.5,16
15771,13/07/2019 18:53,Mint Sauce,1,0.5,16
15771,13/07/2019 18:53,Onion Chutney,1,0.5,16
15771,13/07/2019 18:53,Red Sauce,1,0.5,16
15768,13/07/2019 18:42,Mango Chutney,1,0.5,8
15767,13/07/2019 18:36,Mint Sauce,2,0.5,8
15767,13/07/2019 18:36,Onion Chutney,2,0.5,8
15761,13/07/2019 17:22,Mango Chutney,1,0.5,5
15760,13/07/2019 17:17,Mango Chutney,1,0.5,5
15754,12/07/2019 19:54,Mint Sauce,2,0.5,7
15748,12/07/2019 19:18,Mango Chutney,1,0.5,8
15735,11/07/2019 19:33,Mango Chutney,2,0.5,18
15735,11/07/2019 19:33,Mint Sauce,2,0.5,18
15735,11/07/2019 19:33,Onion Chutney,2,0.5,18
15731,11/07/2019 18:43,Red Sauce,1,0.5,8
15731,11/07/2019 18:43,Mango Chutney,1,0.5,8
15729,11/07/2019 18:27,Mango Chutney,2,0.5,7
15723,10/07/2019 19:24,Mango Chutney,2,0.5,8
15723,10/07/2019 19:24,Onion Chutney,1,0.5,8
15721,10/07/2019 18:25,Mint Sauce,1,0.5,9
15721,10/07/2019 18:25,Lime Pickle,1,0.5,9
15720,10/07/2019 18:17,Onion Chutney,1,0.5,6
15720,10/07/2019 18:17,Mint Sauce,1,0.5,6
15717,09/07/2019 19:57,Mango Chutney,1,0.5,4
15715,09/07/2019 19:19,Onion Chutney,1,0.5,5
15712,09/07/2019 18:14,Mango Chutney,2,0.5,7
15712,09/07/2019 18:14,Mint Sauce,1,0.5,7
15711,09/07/2019 17:41,Red Sauce,1,0.5,4
15695,07/07/2019 19:42,Mango Chutney,1,0.5,6
15695,07/07/2019 19:42,Onion Chutney,1,0.5,6
15688,07/07/2019 18:04,Mint Sauce,2,0.5,6
15679,06/07/2019 20:47,Mango Chutney,1,0.5,9
15674,06/07/2019 19:44,Red Sauce,1,0.5,7
15672,06/07/2019 19:30,Mango Chutney,1,0.5,6
15670,06/07/2019 19:18,Mango Chutney,1,0.5,13
15670,06/07/2019 19:18,Lime Pickle,1,0.5,13
15669,06/07/2019 19:02,Mint Sauce,1,0.5,8
15669,06/07/2019 19:02,Onion Chutney,1,0.5,8
15665,06/07/2019 18:39,Red Sauce,1,0.5,9
15663,06/07/2019 18:32,Mint Sauce,1,0.5,7
15658,06/07/2019 18:02,Mango Chutney,1,0.5,10
15658,06/07/2019 18:02,Mint Sauce,1,0.5,10
15658,06/07/2019 18:02,Onion Chutney,1,0.5,10
15656,06/07/2019 17:20,Onion Chutney,1,0.5,7
15655,06/07/2019 17:15,Mango Chutney,1,0.5,17
15654,06/07/2019 16:59,Mango Chutney,1,0.5,9
15650,05/07/2019 21:40,Onion Chutney,1,0.5,5
15649,05/07/2019 21:33,Mango Chutney,1,0.5,4
15645,05/07/2019 19:43,Mango Chutney,1,0.5,7
15645,05/07/2019 19:43,Onion Chutney,1,0.5,7
15643,05/07/2019 19:29,Mango Chutney,4,0.5,10
15643,05/07/2019 19:29,Onion Chutney,2,0.5,10
15641,05/07/2019 19:09,Onion Chutney,2,0.5,5
15637,05/07/2019 18:23,Mango Chutney,1,0.5,6
15635,05/07/2019 18:14,Red Sauce,1,0.5,9
15635,05/07/2019 18:14,Mint Sauce,1,0.5,9
15633,05/07/2019 17:56,Mango Chutney,2,0.5,7
15632,05/07/2019 17:33,Onion Chutney,2,0.5,7
15632,05/07/2019 17:33,Mango Chutney,1,0.5,7
15631,05/07/2019 17:26,Mango Chutney,2,0.5,9
15631,05/07/2019 17:26,Onion Chutney,1,0.5,9
15630,05/07/2019 17:22,Mango Chutney,1,0.5,10
15630,05/07/2019 17:22,Mint Sauce,1,0.5,10
15630,05/07/2019 17:22,Onion Chutney,1,0.5,10
15630,05/07/2019 17:22,Red Sauce,1,0.5,10
15630,05/07/2019 17:22,Lime Pickle,1,0.5,10
15626,04/07/2019 19:50,Mango Chutney,1,0.5,12
15626,04/07/2019 19:50,Mint Sauce,1,0.5,12
15620,04/07/2019 17:45,Mango Chutney,4,0.5,13
15620,04/07/2019 17:45,Mint Sauce,1,0.5,13
15620,04/07/2019 17:45,Lime Pickle,2,0.5,13
15616,03/07/2019 20:12,Mint Sauce,1,0.5,8
15616,03/07/2019 20:12,Red Sauce,1,0.5,8
15615,03/07/2019 19:33,Onion Chutney,1,0.5,5
15614,03/07/2019 19:18,Mango Chutney,1,0.5,7
15614,03/07/2019 19:18,Mint Sauce,1,0.5,7
15612,03/07/2019 18:07,Mint Sauce,1,0.5,9
15602,02/07/2019 19:24,Mango Chutney,1,0.5,9
15602,02/07/2019 19:24,Mint Sauce,1,0.5,9
15601,02/07/2019 19:13,Mango Chutney,2,0.5,6
15595,01/07/2019 19:44,Onion Chutney,1,0.5,5
15593,01/07/2019 18:33,Mango Chutney,2,0.5,7
15588,30/06/2019 21:36,Mango Chutney,1,0.5,5
15587,30/06/2019 20:38,Mango Chutney,1,0.5,10
15587,30/06/2019 20:38,Mint Sauce,1,0.5,10
15585,30/06/2019 19:47,Mint Sauce,1,0.5,4
15584,30/06/2019 19:46,Mint Sauce,2,0.5,6
15583,30/06/2019 19:39,Onion Chutney,1,0.5,4
15578,30/06/2019 18:25,Red Sauce,1,0.5,8
15578,30/06/2019 18:25,Mango Chutney,1,0.5,8
15567,29/06/2019 20:18,Red Sauce,1,0.5,6
15560,29/06/2019 19:00,Onion Chutney,1,0.5,8
15560,29/06/2019 19:00,Mint Sauce,1,0.5,8
15558,29/06/2019 18:15,Mango Chutney,1,0.5,13
15558,29/06/2019 18:15,Mint Sauce,2,0.5,13
15558,29/06/2019 18:15,Onion Chutney,2,0.5,13
15558,29/06/2019 18:15,Red Sauce,1,0.5,13
15558,29/06/2019 18:15,Lime Pickle,1,0.5,13
15554,29/06/2019 16:07,Onion Chutney,1,0.5,7
15546,28/06/2019 20:23,Mango Chutney,1,0.5,7
15545,28/06/2019 20:06,Onion Chutney,2,0.5,6
15538,28/06/2019 18:50,Red Sauce,1,0.5,9
15537,28/06/2019 18:47,Mango Chutney,2,0.5,10
15536,28/06/2019 18:43,Mango Chutney,2,0.5,9
15536,28/06/2019 18:43,Red Sauce,2,0.5,9
15534,28/06/2019 18:34,Onion Chutney,1,0.5,5
15532,28/06/2019 18:22,Mango Chutney,1,0.5,5
15530,28/06/2019 17:52,Mango Chutney,2,0.5,9
15525,27/06/2019 20:16,Mint Sauce,1,0.5,5
15523,27/06/2019 19:47,Lime Pickle,1,0.5,7
15518,26/06/2019 20:06,Onion Chutney,2,0.5,5
15517,26/06/2019 19:49,Lime Pickle,1,0.5,5
15515,26/06/2019 18:40,Mango Chutney,2,0.5,6
15513,26/06/2019 17:46,Mango Chutney,2,0.5,8
15512,26/06/2019 17:42,Onion Chutney,2,0.5,6
15494,24/06/2019 19:00,Mango Chutney,1,0.5,4
15487,23/06/2019 20:37,Mint Sauce,2,0.5,8
15487,23/06/2019 20:37,Mango Chutney,1,0.5,8
15481,23/06/2019 18:21,Red Sauce,1,0.5,7
15479,23/06/2019 17:53,Mango Chutney,1,0.5,10
15478,23/06/2019 17:50,Mango Chutney,1,0.5,6
15477,23/06/2019 17:33,Red Sauce,1,0.5,8
15467,22/06/2019 19:58,Mint Sauce,1,0.5,4
15466,22/06/2019 19:38,Mint Sauce,1,0.5,7
15465,22/06/2019 19:29,Mango Chutney,2,0.5,8
15465,22/06/2019 19:29,Onion Chutney,2,0.5,8
15461,22/06/2019 19:04,Mango Chutney,1,0.5,11
15461,22/06/2019 19:04,Mint Sauce,1,0.5,11
15461,22/06/2019 19:04,Red Sauce,1,0.5,11
15458,22/06/2019 18:30,Mango Chutney,1,0.5,6
15456,22/06/2019 17:49,Mango Chutney,1,0.5,7
15456,22/06/2019 17:49,Mint Sauce,1,0.5,7
15447,21/06/2019 19:47,Mint Sauce,2,0.5,10
15445,21/06/2019 19:14,Onion Chutney,1,0.5,8
15445,21/06/2019 19:14,Mint Sauce,1,0.5,8
15443,21/06/2019 18:47,Mint Sauce,1,0.5,7
15443,21/06/2019 18:47,Onion Chutney,1,0.5,7
15442,21/06/2019 18:46,Mango Chutney,1,0.5,6
15440,21/06/2019 18:40,Mango Chutney,1,0.5,5
15440,21/06/2019 18:40,Mint Sauce,1,0.5,5
15437,21/06/2019 18:29,Mango Chutney,2,0.5,6
15436,21/06/2019 18:24,Red Sauce,1,0.5,8
15436,21/06/2019 18:24,Mint Sauce,1,0.5,8
15433,21/06/2019 17:35,Mango Chutney,1,0.5,9
15427,20/06/2019 18:56,Mango Chutney,1,0.5,5
15419,19/06/2019 19:25,Onion Chutney,1,0.5,6
15419,19/06/2019 19:25,Red Sauce,1,0.5,6
15417,19/06/2019 18:48,Mango Chutney,1,0.5,6
15414,19/06/2019 17:52,Mango Chutney,1,0.5,5
15406,18/06/2019 19:23,Mango Chutney,1,0.5,5
15391,17/06/2019 18:44,Mint Sauce,1,0.5,9
15391,17/06/2019 18:44,Mango Chutney,1,0.5,9
15390,17/06/2019 18:44,Mint Sauce,1,0.5,6
15388,17/06/2019 18:02,Mango Chutney,1,0.5,9
15388,17/06/2019 18:02,Mint Sauce,1,0.5,9
15387,17/06/2019 12:12,Lime Pickle,1,0.5,4
15382,16/06/2019 19:31,Mango Chutney,1,0.5,5
15378,16/06/2019 19:09,Mango Chutney,1,0.5,7
15378,16/06/2019 19:09,Mint Sauce,2,0.5,7
15373,16/06/2019 18:29,Onion Chutney,2,0.5,7
15355,15/06/2019 20:21,Red Sauce,1,0.5,8
15351,15/06/2019 19:36,Red Sauce,2,0.5,6
15349,15/06/2019 19:20,Mint Sauce,2,0.5,6
15347,15/06/2019 18:58,Mint Sauce,1,0.5,9
15347,15/06/2019 18:58,Onion Chutney,2,0.5,9
15346,15/06/2019 18:58,Lime Pickle,1,0.5,4
15343,15/06/2019 18:50,Mint Sauce,2,0.5,8
15343,15/06/2019 18:50,Onion Chutney,1,0.5,8
15343,15/06/2019 18:50,Red Sauce,2,0.5,8
15339,14/06/2019 21:50,Onion Chutney,1,0.5,5
15336,14/06/2019 20:01,Mango Chutney,1,0.5,4
15335,14/06/2019 20:01,Mango Chutney,1,0.5,5
15332,14/06/2019 19:41,Mint Sauce,2,0.5,11
15332,14/06/2019 19:41,Onion Chutney,1,0.5,11
15332,14/06/2019 19:41,Mango Chutney,1,0.5,11
15330,14/06/2019 19:32,Mango Chutney,1,0.5,9
15330,14/06/2019 19:32,Red Sauce,1,0.5,9
15329,14/06/2019 19:14,Mango Chutney,1,0.5,6
15329,14/06/2019 19:14,Mint Sauce,1,0.5,6
15326,14/06/2019 18:09,Mango Chutney,1,0.5,9
15318,13/06/2019 20:18,Mango Chutney,4,0.5,8
15318,13/06/2019 20:18,Mint Sauce,5,0.5,8
15312,13/06/2019 17:45,Mango Chutney,1,0.5,6
15309,12/06/2019 19:51,Mango Chutney,1,0.5,6
15306,12/06/2019 18:42,Onion Chutney,2,0.5,9
15306,12/06/2019 18:42,Mint Sauce,1,0.5,9
15306,12/06/2019 18:42,Mango Chutney,2,0.5,9
15305,12/06/2019 17:23,Mint Sauce,1,0.5,5
15303,12/06/2019 16:50,Mango Chutney,1,0.5,8
15303,12/06/2019 16:50,Onion Chutney,1,0.5,8
15301,11/06/2019 20:45,Onion Chutney,1,0.5,5
15298,11/06/2019 19:19,Mango Chutney,2,0.5,8
15286,10/06/2019 17:10,Mango Chutney,1,0.5,10
15286,10/06/2019 17:10,Mint Sauce,2,0.5,10
15268,09/06/2019 14:08,Mango Chutney,1,0.5,9
15262,08/06/2019 22:08,Mint Sauce,1,0.5,5
15262,08/06/2019 22:08,Onion Chutney,1,0.5,5
15256,08/06/2019 20:30,Mango Chutney,1,0.5,8
15256,08/06/2019 20:30,Mint Sauce,1,0.5,8
15253,08/06/2019 19:38,Mint Sauce,1,0.5,11
15253,08/06/2019 19:38,Mango Chutney,1,0.5,11
15251,08/06/2019 19:22,Onion Chutney,1,0.5,7
15249,08/06/2019 19:13,Mint Sauce,1,0.5,4
15244,08/06/2019 17:43,Red Sauce,1,0.5,9
15240,08/06/2019 17:05,Onion Chutney,1,0.5,5
15224,07/06/2019 19:26,Mint Sauce,1,0.5,5
15220,07/06/2019 18:48,Mint Sauce,1,0.5,5
15217,07/06/2019 18:28,Onion Chutney,2,0.5,7
15216,07/06/2019 18:21,Mango Chutney,1,0.5,14
15216,07/06/2019 18:21,Onion Chutney,3,0.5,14
15213,07/06/2019 18:12,Onion Chutney,1,0.5,14
15213,07/06/2019 18:12,Mint Sauce,2,0.5,14
15211,07/06/2019 18:04,Mango Chutney,2,0.5,8
15211,07/06/2019 18:04,Onion Chutney,2,0.5,8
15210,07/06/2019 17:49,Mint Sauce,2,0.5,5
15210,07/06/2019 17:49,Onion Chutney,1,0.5,5
15204,06/06/2019 18:59,Mango Chutney,1,0.5,6
15199,05/06/2019 21:08,Mango Chutney,1,0.5,8
15199,05/06/2019 21:08,Mint Sauce,1,0.5,8
15199,05/06/2019 21:08,Onion Chutney,1,0.5,8
15199,05/06/2019 21:08,Red Sauce,1,0.5,8
15197,05/06/2019 20:44,Mango Chutney,1,0.5,7
15197,05/06/2019 20:44,Mint Sauce,1,0.5,7
15191,05/06/2019 11:29,Mint Sauce,1,0.5,11
15191,05/06/2019 11:29,Lime Pickle,1,0.5,11
15186,04/06/2019 20:08,Onion Chutney,1,0.5,6
15186,04/06/2019 20:08,Red Sauce,1,0.5,6
15186,04/06/2019 20:08,Mint Sauce,1,0.5,6
15174,04/06/2019 17:58,Mango Chutney,2,0.5,11
15174,04/06/2019 17:58,Mint Sauce,1,0.5,11
15173,04/06/2019 13:38,Mango Chutney,1,0.5,4
15171,04/06/2019 12:10,Lime Pickle,1,0.5,11
15171,04/06/2019 12:10,Mint Sauce,1,0.5,11
15166,03/06/2019 18:51,Mango Chutney,1,0.5,6
15161,02/06/2019 19:18,Red Sauce,1,0.5,5
15158,02/06/2019 18:35,Mango Chutney,1,0.5,10
15158,02/06/2019 18:35,Mint Sauce,1,0.5,10
15157,02/06/2019 17:43,Mango Chutney,1,0.5,5
15156,02/06/2019 17:09,Mango Chutney,1,0.5,6
15155,02/06/2019 16:55,Mango Chutney,1,0.5,9
15155,02/06/2019 16:55,Red Sauce,1,0.5,9
15149,01/06/2019 20:06,Mint Sauce,1,0.5,8
15149,01/06/2019 20:06,Red Sauce,1,0.5,8
15146,01/06/2019 19:42,Mint Sauce,1,0.5,8
15141,01/06/2019 18:45,Lime Pickle,1,0.5,8
15140,01/06/2019 18:33,Mint Sauce,1,0.5,5
15127,31/05/2019 19:51,Mango Chutney,1,0.5,8
15127,31/05/2019 19:51,Mint Sauce,2,0.5,8
15126,31/05/2019 19:48,Mango Chutney,2,0.5,9
15120,31/05/2019 18:43,Mint Sauce,1,0.5,8
15119,31/05/2019 18:26,Mango Chutney,1,0.5,6
15113,31/05/2019 17:30,Mango Chutney,2,0.5,8
15113,31/05/2019 17:30,Onion Chutney,2,0.5,8
15105,30/05/2019 18:21,Lime Pickle,1,0.5,6
15104,30/05/2019 18:20,Mint Sauce,2,0.5,5
15104,30/05/2019 18:20,Onion Chutney,1,0.5,5
15103,30/05/2019 18:09,Mango Chutney,1,0.5,6
15099,29/05/2019 18:24,Mango Chutney,1,0.5,9
15099,29/05/2019 18:24,Mint Sauce,1,0.5,9
15099,29/05/2019 18:24,Onion Chutney,2,0.5,9
15099,29/05/2019 18:24,Red Sauce,1,0.5,9
15091,28/05/2019 20:01,Onion Chutney,1,0.5,6
15091,28/05/2019 20:01,Red Sauce,1,0.5,6
15089,28/05/2019 19:24,Mint Sauce,1,0.5,8
15089,28/05/2019 19:24,Onion Chutney,1,0.5,8
15086,28/05/2019 19:07,Mango Chutney,2,0.5,8
15084,28/05/2019 18:56,Mint Sauce,1,0.5,6
15070,27/05/2019 17:42,Mint Sauce,1,0.5,8
15066,27/05/2019 17:31,Mango Chutney,1,0.5,8
15066,27/05/2019 17:31,Onion Chutney,1,0.5,8
15056,26/05/2019 20:31,Mint Sauce,2,0.5,6
15056,26/05/2019 20:31,Red Sauce,1,0.5,6
15054,26/05/2019 20:23,Mint Sauce,2,0.5,6
15051,26/05/2019 19:42,Mango Chutney,2,0.5,8
15045,26/05/2019 18:25,Mango Chutney,1,0.5,9
15044,26/05/2019 18:05,Mango Chutney,1,0.5,7
15043,26/05/2019 17:46,Mint Sauce,2,0.5,11
15043,26/05/2019 17:46,Lime Pickle,1,0.5,11
15041,26/05/2019 16:21,Mint Sauce,1,0.5,9
15038,25/05/2019 22:15,Mango Chutney,1,0.5,6
15029,25/05/2019 20:07,Mango Chutney,1,0.5,8
15029,25/05/2019 20:07,Onion Chutney,1,0.5,8
15028,25/05/2019 19:54,Mango Chutney,1,0.5,8
15028,25/05/2019 19:54,Mint Sauce,1,0.5,8
15028,25/05/2019 19:54,Red Sauce,1,0.5,8
15028,25/05/2019 19:54,Onion Chutney,1,0.5,8
15027,25/05/2019 19:52,Mint Sauce,1,0.5,5
15026,25/05/2019 19:43,Mango Chutney,1,0.5,9
15026,25/05/2019 19:43,Mint Sauce,1,0.5,9
15016,25/05/2019 18:22,Mint Sauce,2,0.5,11
15016,25/05/2019 18:22,Onion Chutney,2,0.5,11
15016,25/05/2019 18:22,Red Sauce,1,0.5,11
15016,25/05/2019 18:22,Lime Pickle,1,0.5,11
15014,25/05/2019 18:09,Mango Chutney,1,0.5,8
14992,24/05/2019 18:37,Mango Chutney,2,0.5,7
14992,24/05/2019 18:37,Onion Chutney,1,0.5,7
14991,24/05/2019 18:27,Mint Sauce,3,0.5,5
14987,24/05/2019 17:37,Mango Chutney,1,0.5,7
14984,23/05/2019 20:32,Onion Chutney,1,0.5,6
14984,23/05/2019 20:32,Red Sauce,1,0.5,6
14982,23/05/2019 19:44,Mango Chutney,1,0.5,10
14982,23/05/2019 19:44,Red Sauce,1,0.5,10
14982,23/05/2019 19:44,Onion Chutney,1,0.5,10
14981,23/05/2019 19:08,Mango Chutney,1,0.5,7
14981,23/05/2019 19:08,Mint Sauce,1,0.5,7
14976,23/05/2019 16:44,Mango Chutney,1,0.5,7
14971,22/05/2019 19:15,Onion Chutney,1,0.5,5
14971,22/05/2019 19:15,Red Sauce,1,0.5,5
14969,22/05/2019 19:01,Mango Chutney,1,0.5,5
14967,22/05/2019 17:57,Mango Chutney,2,0.5,9
14961,21/05/2019 19:05,Lime Pickle,1,0.5,5
14957,21/05/2019 18:07,Mint Sauce,1,0.5,10
14957,21/05/2019 18:07,Mango Chutney,1,0.5,10
14957,21/05/2019 18:07,Lime Pickle,1,0.5,10
14956,21/05/2019 16:16,Mango Chutney,1,0.5,7
14947,20/05/2019 18:15,Mint Sauce,2,0.5,2
14946,20/05/2019 17:57,Mango Chutney,1,0.5,5
14945,20/05/2019 17:33,Mint Sauce,1,0.5,4
14942,19/05/2019 21:36,Mango Chutney,1,0.5,7
14941,19/05/2019 20:44,Mango Chutney,1,0.5,5
14935,19/05/2019 19:02,Mango Chutney,2,0.5,6
14934,19/05/2019 18:23,Mango Chutney,1,0.5,8
14934,19/05/2019 18:23,Onion Chutney,1,0.5,8
14933,19/05/2019 17:57,Onion Chutney,1,0.5,9
14924,19/05/2019 12:45,Mint Sauce,1,0.5,11
14924,19/05/2019 12:45,Onion Chutney,1,0.5,11
14924,19/05/2019 12:45,Mango Chutney,1,0.5,11
14918,18/05/2019 22:13,Mango Chutney,1,0.5,5
14905,18/05/2019 20:23,Mango Chutney,1,0.5,9
14905,18/05/2019 20:23,Mint Sauce,1,0.5,9
14905,18/05/2019 20:23,Onion Chutney,1,0.5,9
14904,18/05/2019 20:13,Mango Chutney,2,0.5,9
14896,18/05/2019 19:09,Mango Chutney,4,0.5,7
14894,18/05/2019 18:56,Mango Chutney,1,0.5,8
14888,18/05/2019 18:15,Mango Chutney,1,0.5,8
14887,18/05/2019 18:10,Mango Chutney,1,0.5,9
14887,18/05/2019 18:10,Onion Chutney,2,0.5,9
14886,18/05/2019 18:10,Mango Chutney,1,0.5,6
14883,18/05/2019 17:30,Mango Chutney,2,0.5,6
14880,18/05/2019 16:42,Mint Sauce,1,0.5,9
14880,18/05/2019 16:42,Mango Chutney,3,0.5,9
14875,17/05/2019 21:02,Onion Chutney,1,0.5,6
14872,17/05/2019 19:36,Mint Sauce,1,0.5,5
14866,17/05/2019 19:07,Mango Chutney,2,0.5,10
14866,17/05/2019 19:07,Mint Sauce,1,0.5,10
14864,17/05/2019 18:36,Mango Chutney,2,0.5,10
14859,17/05/2019 18:06,Mango Chutney,1,0.5,12
14859,17/05/2019 18:06,Onion Chutney,1,0.5,12
14853,16/05/2019 20:14,Mango Chutney,1,0.5,6
14848,16/05/2019 18:52,Mango Chutney,1,0.5,12
14845,16/05/2019 17:23,Mango Chutney,1,0.5,6
14825,15/05/2019 18:11,Mango Chutney,1,0.5,7
14824,15/05/2019 18:09,Mango Chutney,1,0.5,10
14824,15/05/2019 18:09,Onion Chutney,1,0.5,10
14821,14/05/2019 20:20,Onion Chutney,1,0.5,4
14820,14/05/2019 20:13,Lime Pickle,1,0.5,9
14815,14/05/2019 18:40,Mint Sauce,1,0.5,6
14815,14/05/2019 18:40,Onion Chutney,1,0.5,6
14812,13/05/2019 20:21,Onion Chutney,1,0.5,4
14796,12/05/2019 19:00,Mango Chutney,2,0.5,7
14786,12/05/2019 17:37,Lime Pickle,1,0.5,7
14786,12/05/2019 17:37,Onion Chutney,1,0.5,7
14784,12/05/2019 16:59,Mint Sauce,1,0.5,7
14784,12/05/2019 16:59,Mango Chutney,1,0.5,7
14776,11/05/2019 21:32,Lime Pickle,1,0.5,10
14776,11/05/2019 21:32,Mango Chutney,1,0.5,10
14776,11/05/2019 21:32,Mint Sauce,1,0.5,10
14771,11/05/2019 20:29,Red Sauce,1,0.5,6
14770,11/05/2019 20:28,Onion Chutney,1,0.5,12
14770,11/05/2019 20:28,Mint Sauce,1,0.5,12
14770,11/05/2019 20:28,Mango Chutney,1,0.5,12
14768,11/05/2019 19:50,Mango Chutney,1,0.5,6
14764,11/05/2019 19:35,Mango Chutney,1,0.5,10
14764,11/05/2019 19:35,Mint Sauce,1,0.5,10
14757,11/05/2019 19:08,Mango Chutney,1,0.5,8
14754,11/05/2019 18:29,Mango Chutney,1,0.5,11
14738,10/05/2019 19:04,Mint Sauce,1,0.5,4
14730,10/05/2019 18:14,Onion Chutney,2,0.5,12
14730,10/05/2019 18:14,Mint Sauce,2,0.5,12
14730,10/05/2019 18:14,Mango Chutney,1,0.5,12
14730,10/05/2019 18:14,Red Sauce,1,0.5,12
14719,09/05/2019 17:44,Mint Sauce,1,0.5,8
14714,08/05/2019 19:29,Mint Sauce,2,0.5,6
14713,08/05/2019 19:11,Mint Sauce,1,0.5,4
14702,07/05/2019 17:51,Lime Pickle,1,0.5,6
14701,07/05/2019 17:01,Mango Chutney,1,0.5,5
14696,06/05/2019 19:44,Onion Chutney,1,0.5,6
14692,06/05/2019 18:52,Mango Chutney,1,0.5,4
14686,06/05/2019 17:40,Mango Chutney,1,0.5,9
14685,06/05/2019 17:26,Red Sauce,1,0.5,9
14685,06/05/2019 17:26,Mango Chutney,1,0.5,9
14685,06/05/2019 17:26,Mint Sauce,1,0.5,9
14681,05/05/2019 20:54,Mango Chutney,2,0.5,11
14681,05/05/2019 20:54,Mint Sauce,1,0.5,11
14681,05/05/2019 20:54,Onion Chutney,2,0.5,11
14681,05/05/2019 20:54,Lime Pickle,2,0.5,11
14675,05/05/2019 20:03,Mint Sauce,1,0.5,6
14669,05/05/2019 19:21,Mango Chutney,3,0.5,12
14669,05/05/2019 19:21,Mint Sauce,1,0.5,12
14669,05/05/2019 19:21,Onion Chutney,1,0.5,12
14668,05/05/2019 19:20,Onion Chutney,1,0.5,6
14668,05/05/2019 19:20,Red Sauce,1,0.5,6
14663,05/05/2019 18:32,Mango Chutney,2,0.5,10
14663,05/05/2019 18:32,Mint Sauce,2,0.5,10
14658,05/05/2019 17:01,Mango Chutney,1,0.5,7
14658,05/05/2019 17:01,Onion Chutney,1,0.5,7
14647,04/05/2019 19:47,Mint Sauce,1,0.5,6
14644,04/05/2019 19:36,Mango Chutney,1,0.5,8
14644,04/05/2019 19:36,Onion Chutney,1,0.5,8
14642,04/05/2019 19:26,Mint Sauce,1,0.5,10
14642,04/05/2019 19:26,Mango Chutney,1,0.5,10
14639,04/05/2019 19:06,Mango Chutney,2,0.5,8
14639,04/05/2019 19:06,Mint Sauce,1,0.5,8
14639,04/05/2019 19:06,Onion Chutney,1,0.5,8
14639,04/05/2019 19:06,Red Sauce,1,0.5,8
14639,04/05/2019 19:06,Lime Pickle,1,0.5,8
14636,04/05/2019 18:52,Onion Chutney,2,0.5,5
14634,04/05/2019 18:37,Mango Chutney,1,0.5,6
14632,04/05/2019 18:32,Red Sauce,1,0.5,10
14632,04/05/2019 18:32,Lime Pickle,1,0.5,10
14632,04/05/2019 18:32,Onion Chutney,1,0.5,10
14632,04/05/2019 18:32,Mango Chutney,1,0.5,10
14631,04/05/2019 18:30,Mango Chutney,1,0.5,9
14630,04/05/2019 18:21,Mango Chutney,2,0.5,8
14630,04/05/2019 18:21,Onion Chutney,2,0.5,8
14610,03/05/2019 19:07,Lime Pickle,1,0.5,5
14608,03/05/2019 18:25,Mango Chutney,1,0.5,7
14598,02/05/2019 19:54,Mint Sauce,1,0.5,4
14584,01/05/2019 20:26,Mango Chutney,1,0.5,8
14583,01/05/2019 20:18,Onion Chutney,1,0.5,6
14583,01/05/2019 20:18,Red Sauce,1,0.5,6
14581,01/05/2019 19:17,Mango Chutney,1,0.5,8
14580,01/05/2019 18:44,Mango Chutney,1,0.5,10
14580,01/05/2019 18:44,Mint Sauce,1,0.5,10
14577,01/05/2019 18:09,Mango Chutney,1,0.5,7
14574,30/04/2019 19:35,Mango Chutney,2,0.5,8
14574,30/04/2019 19:35,Onion Chutney,1,0.5,8
14570,30/04/2019 18:50,Mint Sauce,1,0.5,10
14569,30/04/2019 18:43,Mint Sauce,1,0.5,6
14568,30/04/2019 18:15,Mango Chutney,1,0.5,7
14568,30/04/2019 18:15,Mint Sauce,1,0.5,7
14568,30/04/2019 18:15,Onion Chutney,1,0.5,7
14566,30/04/2019 17:41,Mango Chutney,1,0.5,7
14562,29/04/2019 21:51,Onion Chutney,1,0.5,6
14559,29/04/2019 19:01,Red Sauce,1,0.5,11
14559,29/04/2019 19:01,Onion Chutney,1,0.5,11
14559,29/04/2019 19:01,Mint Sauce,1,0.5,11
14558,29/04/2019 18:29,Mango Chutney,2,0.5,8
14558,29/04/2019 18:29,Onion Chutney,2,0.5,8
14556,29/04/2019 17:05,Mango Chutney,1,0.5,14
14556,29/04/2019 17:05,Mint Sauce,1,0.5,14
14556,29/04/2019 17:05,Red Sauce,1,0.5,14
14550,28/04/2019 19:34,Mango Chutney,2,0.5,6
14548,28/04/2019 19:06,Mint Sauce,1,0.5,10
14546,28/04/2019 18:16,Mango Chutney,1,0.5,14
14546,28/04/2019 18:16,Mint Sauce,1,0.5,14
14546,28/04/2019 18:16,Red Sauce,1,0.5,14
14543,28/04/2019 17:36,Onion Chutney,1,0.5,6
14537,27/04/2019 20:20,Red Sauce,1,0.5,6
14535,27/04/2019 20:11,Red Sauce,1,0.5,6
14531,27/04/2019 19:39,Mint Sauce,1,0.5,9
14523,27/04/2019 19:05,Mango Chutney,1,0.5,9
14523,27/04/2019 19:05,Mint Sauce,1,0.5,9
14518,27/04/2019 18:47,Lime Pickle,2,0.5,15
14518,27/04/2019 18:47,Mango Chutney,2,0.5,15
14507,27/04/2019 17:38,Mango Chutney,1,0.5,6
14507,27/04/2019 17:38,Onion Chutney,1,0.5,6
14502,26/04/2019 20:10,Mango Chutney,1,0.5,7
14502,26/04/2019 20:10,Mint Sauce,1,0.5,7
14501,26/04/2019 20:05,Mint Sauce,1,0.5,5
14500,26/04/2019 19:34,Mint Sauce,1,0.5,5
14497,26/04/2019 18:59,Lime Pickle,1,0.5,11
14494,26/04/2019 18:22,Mango Chutney,1,0.5,8
14494,26/04/2019 18:22,Mint Sauce,1,0.5,8
14492,26/04/2019 17:43,Mango Chutney,1,0.5,12
14492,26/04/2019 17:43,Mint Sauce,2,0.5,12
14492,26/04/2019 17:43,Onion Chutney,2,0.5,12
14492,26/04/2019 17:43,Red Sauce,2,0.5,12
14492,26/04/2019 17:43,Lime Pickle,1,0.5,12
14490,26/04/2019 14:45,Mango Chutney,1,0.5,9
14487,25/04/2019 20:15,Mint Sauce,1,0.5,6
14487,25/04/2019 20:15,Mango Chutney,1,0.5,6
14478,24/04/2019 21:10,Onion Chutney,1,0.5,5
14472,23/04/2019 19:51,Mango Chutney,1,0.5,9
14472,23/04/2019 19:51,Mint Sauce,1,0.5,9
14472,23/04/2019 19:51,Onion Chutney,1,0.5,9
14472,23/04/2019 19:51,Red Sauce,1,0.5,9
14471,23/04/2019 19:46,Mango Chutney,1,0.5,7
14471,23/04/2019 19:46,Mint Sauce,1,0.5,7
14469,23/04/2019 19:42,Mint Sauce,2,0.5,11
14467,23/04/2019 19:23,Mango Chutney,1,0.5,6
14467,23/04/2019 19:23,Mint Sauce,1,0.5,6
14464,22/04/2019 22:18,Mint Sauce,1,0.5,7
14464,22/04/2019 22:18,Mango Chutney,1,0.5,7
14454,22/04/2019 19:10,Mango Chutney,1,0.5,8
14453,22/04/2019 18:35,Mango Chutney,1,0.5,9
14453,22/04/2019 18:35,Mint Sauce,1,0.5,9
14443,21/04/2019 18:35,Mango Chutney,2,0.5,11
14443,21/04/2019 18:35,Mint Sauce,1,0.5,11
14443,21/04/2019 18:35,Red Sauce,1,0.5,11
14438,21/04/2019 17:42,Mango Chutney,1,0.5,4
14431,20/04/2019 20:17,Mango Chutney,4,0.5,12
14431,20/04/2019 20:17,Mint Sauce,4,0.5,12
14428,20/04/2019 20:04,Mango Chutney,1,0.5,9
14426,20/04/2019 19:53,Mango Chutney,1,0.5,4
14418,20/04/2019 17:36,Mango Chutney,1,0.5,9
14417,20/04/2019 17:21,Red Sauce,1,0.5,9
14417,20/04/2019 17:21,Onion Chutney,1,0.5,9
14409,19/04/2019 20:07,Mango Chutney,1,0.5,10
14409,19/04/2019 20:07,Red Sauce,1,0.5,10
14409,19/04/2019 20:07,Mint Sauce,1,0.5,10
14405,19/04/2019 19:17,Mango Chutney,1,0.5,4
14402,19/04/2019 18:22,Mint Sauce,1,0.5,9
14401,19/04/2019 18:17,Mango Chutney,1,0.5,6
14398,19/04/2019 18:03,Mango Chutney,1,0.5,6
14397,19/04/2019 17:51,Mango Chutney,1,0.5,13
14397,19/04/2019 17:51,Mint Sauce,1,0.5,13
14397,19/04/2019 17:51,Onion Chutney,1,0.5,13
14397,19/04/2019 17:51,Red Sauce,1,0.5,13
14397,19/04/2019 17:51,Lime Pickle,1,0.5,13
14396,19/04/2019 17:43,Mango Chutney,1,0.5,14
14394,18/04/2019 20:34,Lime Pickle,1,0.5,5
14392,18/04/2019 20:03,Mango Chutney,2,0.5,4
14391,18/04/2019 19:36,Mango Chutney,1,0.5,6
14387,18/04/2019 17:44,Mango Chutney,2,0.5,7
14387,18/04/2019 17:44,Onion Chutney,1,0.5,7
14382,17/04/2019 20:27,Mint Sauce,2,0.5,7
14379,17/04/2019 19:53,Mango Chutney,1,0.5,7
14379,17/04/2019 19:53,Onion Chutney,1,0.5,7
14376,17/04/2019 19:07,Mint Sauce,3,0.5,14
14372,17/04/2019 18:54,Mango Chutney,2,0.5,11
14372,17/04/2019 18:54,Lime Pickle,1,0.5,11
14372,17/04/2019 18:54,Red Sauce,1,0.5,11
14372,17/04/2019 18:54,Mint Sauce,1,0.5,11
14372,17/04/2019 18:54,Onion Chutney,1,0.5,11
14365,16/04/2019 20:54,Mango Chutney,1,0.5,7
14365,16/04/2019 20:54,Mint Sauce,1,0.5,7
14364,16/04/2019 20:39,Mango Chutney,1,0.5,9
14364,16/04/2019 20:39,Mint Sauce,1,0.5,9
14362,16/04/2019 19:27,Mango Chutney,1,0.5,6
14355,15/04/2019 21:02,Onion Chutney,1,0.5,5
14346,15/04/2019 17:50,Mint Sauce,1,0.5,9
14346,15/04/2019 17:50,Mango Chutney,1,0.5,9
14345,15/04/2019 17:42,Mango Chutney,1,0.5,8
14345,15/04/2019 17:42,Onion Chutney,1,0.5,8
14344,15/04/2019 12:28,Mango Chutney,1,0.5,11
14344,15/04/2019 12:28,Mint Sauce,1,0.5,11
14344,15/04/2019 12:28,Red Sauce,1,0.5,11
14344,15/04/2019 12:28,Lime Pickle,1,0.5,11
14339,14/04/2019 19:53,Mango Chutney,2,0.5,11
14339,14/04/2019 19:53,Onion Chutney,1,0.5,11
14339,14/04/2019 19:53,Mint Sauce,1,0.5,11
14336,14/04/2019 19:42,Lime Pickle,1,0.5,4
14335,14/04/2019 19:37,Mint Sauce,1,0.5,5
14332,14/04/2019 18:56,Mint Sauce,1,0.5,11
14332,14/04/2019 18:56,Onion Chutney,1,0.5,11
14332,14/04/2019 18:56,Lime Pickle,1,0.5,11
14332,14/04/2019 18:56,Mango Chutney,1,0.5,11
14331,14/04/2019 18:52,Mango Chutney,1,0.5,6
14329,14/04/2019 18:40,Mango Chutney,1,0.5,9
14329,14/04/2019 18:40,Mint Sauce,1,0.5,9
14327,14/04/2019 18:23,Lime Pickle,1,0.5,12
14320,14/04/2019 16:36,Mint Sauce,1,0.5,9
14320,14/04/2019 16:36,Mango Chutney,1,0.5,9
14315,13/04/2019 19:58,Mint Sauce,1,0.5,8
14315,13/04/2019 19:58,Mango Chutney,1,0.5,8
14310,13/04/2019 19:22,Mango Chutney,2,0.5,10
14310,13/04/2019 19:22,Mint Sauce,1,0.5,10
14310,13/04/2019 19:22,Onion Chutney,2,0.5,10
14309,13/04/2019 19:07,Mango Chutney,1,0.5,11
14309,13/04/2019 19:07,Mint Sauce,1,0.5,11
14309,13/04/2019 19:07,Onion Chutney,1,0.5,11
14309,13/04/2019 19:07,Red Sauce,1,0.5,11
14309,13/04/2019 19:07,Lime Pickle,1,0.5,11
14308,13/04/2019 19:05,Onion Chutney,1,0.5,4
14301,13/04/2019 17:57,Mint Sauce,1,0.5,7
14297,13/04/2019 17:07,Mango Chutney,1,0.5,7
14296,13/04/2019 16:58,Mint Sauce,1,0.5,7
14296,13/04/2019 16:58,Mango Chutney,1,0.5,7
14291,12/04/2019 20:08,Mint Sauce,1,0.5,9
14291,12/04/2019 20:08,Mango Chutney,1,0.5,9
14291,12/04/2019 20:08,Onion Chutney,1,0.5,9
14287,12/04/2019 19:43,Mint Sauce,1,0.5,5
14281,12/04/2019 19:07,Mango Chutney,1,0.5,9
14281,12/04/2019 19:07,Mint Sauce,1,0.5,9
14279,12/04/2019 18:54,Mint Sauce,1,0.5,8
14279,12/04/2019 18:54,Mango Chutney,1,0.5,8
14277,12/04/2019 18:47,Mango Chutney,1,0.5,5
14276,12/04/2019 18:17,Mint Sauce,1,0.5,7
14275,12/04/2019 18:02,Mango Chutney,1,0.5,6
14269,12/04/2019 12:33,Mango Chutney,1,0.5,4
14258,11/04/2019 17:40,Onion Chutney,1,0.5,7
14250,10/04/2019 18:02,Onion Chutney,1,0.5,6
14250,10/04/2019 18:02,Red Sauce,1,0.5,6
14247,09/04/2019 19:20,Mango Chutney,2,0.5,5
14244,09/04/2019 18:50,Mint Sauce,2,0.5,5
14239,08/04/2019 19:06,Mango Chutney,1,0.5,5
14228,07/04/2019 20:51,Mango Chutney,1,0.5,6
14227,07/04/2019 19:38,Mango Chutney,1,0.5,8
14227,07/04/2019 19:38,Onion Chutney,1,0.5,8
14214,06/04/2019 20:14,Mint Sauce,1,0.5,6
14209,06/04/2019 19:35,Red Sauce,1,0.5,4
14197,06/04/2019 18:32,Mint Sauce,2,0.5,8
14195,06/04/2019 18:30,Lime Pickle,2,0.5,9
14193,06/04/2019 18:07,Mango Chutney,1,0.5,4
14192,06/04/2019 18:07,Mint Sauce,1,0.5,10
14181,05/04/2019 21:25,Mint Sauce,2,0.5,4
14175,05/04/2019 20:05,Red Sauce,1,0.5,9
14175,05/04/2019 20:05,Lime Pickle,1,0.5,9
14174,05/04/2019 20:03,Mint Sauce,1,0.5,7
14173,05/04/2019 19:53,Mango Chutney,1,0.5,7
14173,05/04/2019 19:53,Mint Sauce,1,0.5,7
14170,05/04/2019 19:12,Mango Chutney,3,0.5,7
14170,05/04/2019 19:12,Onion Chutney,1,0.5,7
14166,05/04/2019 18:46,Onion Chutney,1,0.5,8
14166,05/04/2019 18:46,Mango Chutney,1,0.5,8
14165,05/04/2019 18:45,Mango Chutney,2,0.5,12
14155,05/04/2019 17:40,Mango Chutney,1,0.5,11
14155,05/04/2019 17:40,Mint Sauce,1,0.5,11
14155,05/04/2019 17:40,Onion Chutney,1,0.5,11
14155,05/04/2019 17:40,Red Sauce,1,0.5,11
14155,05/04/2019 17:40,Lime Pickle,1,0.5,11
14151,04/04/2019 19:33,Mango Chutney,1,0.5,7
14142,03/04/2019 18:52,Onion Chutney,1,0.5,7
14142,03/04/2019 18:52,Mint Sauce,1,0.5,7
14141,03/04/2019 18:49,Mango Chutney,1,0.5,6
14140,03/04/2019 18:40,Onion Chutney,1,0.5,6
14140,03/04/2019 18:40,Red Sauce,1,0.5,6
14139,03/04/2019 16:42,Mint Sauce,1,0.5,6
14129,01/04/2019 18:53,Mint Sauce,1,0.5,5
14123,31/03/2019 20:07,Mint Sauce,1,0.5,6
14121,31/03/2019 19:41,Onion Chutney,1,0.5,4
14116,31/03/2019 18:48,Lime Pickle,1,0.5,11
14114,31/03/2019 18:12,Mango Chutney,1,0.5,11
14101,30/03/2019 19:58,Mango Chutney,2,0.5,9
14101,30/03/2019 19:58,Mint Sauce,2,0.5,9
14101,30/03/2019 19:58,Lime Pickle,1,0.5,9
14097,30/03/2019 19:27,Mango Chutney,2,0.5,12
14097,30/03/2019 19:27,Onion Chutney,2,0.5,12
14097,30/03/2019 19:27,Lime Pickle,1,0.5,12
14097,30/03/2019 19:27,Red Sauce,1,0.5,12
14095,30/03/2019 19:05,Mango Chutney,1,0.5,9
14095,30/03/2019 19:05,Mint Sauce,1,0.5,9
14091,30/03/2019 18:50,Mango Chutney,1,0.5,9
14091,30/03/2019 18:50,Mint Sauce,1,0.5,9
14089,30/03/2019 18:31,Mango Chutney,1,0.5,10
14089,30/03/2019 18:31,Mint Sauce,1,0.5,10
14088,30/03/2019 18:23,Mint Sauce,1,0.5,6
14088,30/03/2019 18:23,Red Sauce,1,0.5,6
14085,30/03/2019 18:10,Mango Chutney,1,0.5,13
14085,30/03/2019 18:10,Mint Sauce,1,0.5,13
14085,30/03/2019 18:10,Onion Chutney,2,0.5,13
14085,30/03/2019 18:10,Red Sauce,1,0.5,13
14085,30/03/2019 18:10,Lime Pickle,1,0.5,13
14083,30/03/2019 18:08,Red Sauce,1,0.5,7
14067,29/03/2019 21:59,Onion Chutney,1,0.5,5
14065,29/03/2019 21:36,Mint Sauce,1,0.5,6
14062,29/03/2019 20:09,Mint Sauce,1,0.5,5
14061,29/03/2019 20:00,Onion Chutney,1,0.5,9
14061,29/03/2019 20:00,Mint Sauce,1,0.5,9
14061,29/03/2019 20:00,Mango Chutney,1,0.5,9
14057,29/03/2019 19:20,Mango Chutney,1,0.5,6
14056,29/03/2019 19:19,Mango Chutney,2,0.5,11
14056,29/03/2019 19:19,Onion Chutney,1,0.5,11
14056,29/03/2019 19:19,Mint Sauce,1,0.5,11
14053,29/03/2019 19:03,Mango Chutney,1,0.5,6
14049,29/03/2019 18:31,Mango Chutney,1,0.5,6
14048,29/03/2019 18:21,Mango Chutney,1,0.5,9
14043,29/03/2019 17:42,Onion Chutney,1,0.5,15
14043,29/03/2019 17:42,Mint Sauce,1,0.5,15
14043,29/03/2019 17:42,Red Sauce,1,0.5,15
14043,29/03/2019 17:42,Lime Pickle,1,0.5,15
14040,29/03/2019 15:22,Mint Sauce,1,0.5,15
14040,29/03/2019 15:22,Onion Chutney,1,0.5,15
14040,29/03/2019 15:22,Red Sauce,1,0.5,15
14040,29/03/2019 15:22,Lime Pickle,1,0.5,15
14030,28/03/2019 19:22,Mango Chutney,2,0.5,7
14030,28/03/2019 19:22,Mint Sauce,1,0.5,7
14029,28/03/2019 19:19,Mango Chutney,1,0.5,8
14029,28/03/2019 19:19,Mint Sauce,1,0.5,8
14029,28/03/2019 19:19,Red Sauce,1,0.5,8
14025,28/03/2019 18:47,Mint Sauce,1,0.5,6
14024,28/03/2019 18:40,Mango Chutney,2,0.5,9
14024,28/03/2019 18:40,Onion Chutney,1,0.5,9
14019,28/03/2019 17:55,Mint Sauce,1,0.5,3
14018,28/03/2019 17:47,Mango Chutney,1,0.5,5
13999,26/03/2019 17:48,Mango Chutney,1,0.5,7
13999,26/03/2019 17:48,Mint Sauce,1,0.5,7
13999,26/03/2019 17:48,Onion Chutney,2,0.5,7
13999,26/03/2019 17:48,Red Sauce,1,0.5,7
13990,24/03/2019 19:29,Mint Sauce,1,0.5,6
13989,24/03/2019 19:14,Mango Chutney,1,0.5,6
13986,24/03/2019 18:48,Mango Chutney,1,0.5,10
13986,24/03/2019 18:48,Mint Sauce,1,0.5,10
13982,24/03/2019 17:45,Mango Chutney,2,0.5,12
13981,24/03/2019 17:09,Lime Pickle,1,0.5,8
13981,24/03/2019 17:09,Mango Chutney,1,0.5,8
13973,23/03/2019 20:23,Mango Chutney,1,0.5,6
13971,23/03/2019 20:07,Mango Chutney,1,0.5,8
13959,23/03/2019 18:46,Mango Chutney,1,0.5,6
13956,23/03/2019 18:36,Mango Chutney,1,0.5,8
13955,23/03/2019 18:28,Mint Sauce,1,0.5,8
13949,23/03/2019 18:01,Mango Chutney,1,0.5,8
13949,23/03/2019 18:01,Lime Pickle,1,0.5,8
13949,23/03/2019 18:01,Mint Sauce,1,0.5,8
13945,23/03/2019 17:10,Onion Chutney,1,0.5,8
13945,23/03/2019 17:10,Mango Chutney,1,0.5,8
13940,22/03/2019 19:34,Mint Sauce,1,0.5,6
13938,22/03/2019 19:15,Mint Sauce,3,0.5,8
13938,22/03/2019 19:15,Red Sauce,1,0.5,8
13936,22/03/2019 18:50,Mint Sauce,2,0.5,5
13935,22/03/2019 18:48,Mango Chutney,1,0.5,5
13922,21/03/2019 20:14,Mango Chutney,2,0.5,6
13922,21/03/2019 20:14,Red Sauce,1,0.5,6
13921,21/03/2019 19:15,Mango Chutney,3,0.5,7
13921,21/03/2019 19:15,Mint Sauce,3,0.5,7
13913,20/03/2019 21:41,Mint Sauce,1,0.5,4
13913,20/03/2019 21:41,Mango Chutney,1,0.5,4
13913,20/03/2019 21:41,Onion Chutney,1,0.5,4
13913,20/03/2019 21:41,Red Sauce,1,0.5,4
13910,20/03/2019 19:06,Mango Chutney,1,0.5,9
13910,20/03/2019 19:06,Onion Chutney,1,0.5,9
13910,20/03/2019 19:06,Red Sauce,1,0.5,9
13910,20/03/2019 19:06,Lime Pickle,1,0.5,9
13906,20/03/2019 18:24,Mango Chutney,1,0.5,7
13906,20/03/2019 18:24,Mint Sauce,1,0.5,7
13896,19/03/2019 19:06,Onion Chutney,1,0.5,3
13895,19/03/2019 18:45,Mango Chutney,1,0.5,6
13891,19/03/2019 18:29,Mint Sauce,1,0.5,16
13891,19/03/2019 18:29,Red Sauce,1,0.5,16
13890,19/03/2019 17:27,Lime Pickle,2,0.5,7
13890,19/03/2019 17:27,Mint Sauce,1,0.5,7
13890,19/03/2019 17:27,Onion Chutney,1,0.5,7
13887,18/03/2019 20:40,Onion Chutney,2,0.5,6
13879,17/03/2019 18:35,Mint Sauce,1,0.5,8
13872,17/03/2019 13:18,Mint Sauce,1,0.5,4
13869,17/03/2019 12:04,Mango Chutney,1,0.5,8
13869,17/03/2019 12:04,Mint Sauce,1,0.5,8
13866,16/03/2019 21:07,Mango Chutney,1,0.5,5
13858,16/03/2019 19:27,Mint Sauce,2,0.5,6
13856,16/03/2019 19:09,Mango Chutney,1,0.5,9
13856,16/03/2019 19:09,Mint Sauce,1,0.5,9
13856,16/03/2019 19:09,Lime Pickle,1,0.5,9
13852,16/03/2019 18:39,Mango Chutney,2,0.5,11
13852,16/03/2019 18:39,Onion Chutney,2,0.5,11
13850,16/03/2019 18:16,Onion Chutney,2,0.5,6
13840,15/03/2019 22:26,Onion Chutney,2,0.5,5
13836,15/03/2019 19:58,Mango Chutney,1,0.5,8
13836,15/03/2019 19:58,Mint Sauce,1,0.5,8
13836,15/03/2019 19:58,Red Sauce,1,0.5,8
13836,15/03/2019 19:58,Onion Chutney,1,0.5,8
13835,15/03/2019 19:55,Red Sauce,1,0.5,10
13835,15/03/2019 19:55,Mint Sauce,1,0.5,10
13834,15/03/2019 19:53,Mint Sauce,1,0.5,5
13830,15/03/2019 19:06,Mango Chutney,1,0.5,9
13827,15/03/2019 18:56,Mango Chutney,1,0.5,5
13817,15/03/2019 17:54,Mango Chutney,2,0.5,8
13817,15/03/2019 17:54,Onion Chutney,2,0.5,8
13808,13/03/2019 21:58,Mango Chutney,1,0.5,5
13801,13/03/2019 18:35,Mango Chutney,2,0.5,7
13798,13/03/2019 17:19,Red Sauce,2,0.5,7
13796,12/03/2019 20:51,Onion Chutney,1,0.5,6
13795,12/03/2019 20:22,Mint Sauce,1,0.5,4
13787,12/03/2019 18:54,Mango Chutney,2,0.5,9
13787,12/03/2019 18:54,Mint Sauce,1,0.5,9
13787,12/03/2019 18:54,Onion Chutney,2,0.5,9
13777,10/03/2019 20:02,Mango Chutney,2,0.5,8
13777,10/03/2019 20:02,Onion Chutney,1,0.5,8
13772,10/03/2019 18:44,Mango Chutney,1,0.5,7
13769,10/03/2019 18:12,Mint Sauce,1,0.5,5
13758,09/03/2019 19:37,Mango Chutney,2,0.5,11
13758,09/03/2019 19:37,Onion Chutney,1,0.5,11
13758,09/03/2019 19:37,Mint Sauce,1,0.5,11
13755,09/03/2019 19:03,Mango Chutney,1,0.5,10
13755,09/03/2019 19:03,Mint Sauce,1,0.5,10
13754,09/03/2019 18:47,Mango Chutney,1,0.5,13
13754,09/03/2019 18:47,Mint Sauce,1,0.5,13
13754,09/03/2019 18:47,Onion Chutney,1,0.5,13
13754,09/03/2019 18:47,Red Sauce,1,0.5,13
13752,09/03/2019 18:40,Onion Chutney,1,0.5,8
13750,09/03/2019 18:37,Mint Sauce,2,0.5,7
13744,09/03/2019 18:00,Mango Chutney,1,0.5,11
13740,09/03/2019 16:19,Mango Chutney,1,0.5,13
13740,09/03/2019 16:19,Mint Sauce,1,0.5,13
13740,09/03/2019 16:19,Onion Chutney,1,0.5,13
13740,09/03/2019 16:19,Red Sauce,1,0.5,13
13740,09/03/2019 16:19,Lime Pickle,1,0.5,13
13733,08/03/2019 19:07,Mango Chutney,1,0.5,8
13733,08/03/2019 19:07,Onion Chutney,1,0.5,8
13733,08/03/2019 19:07,Mint Sauce,1,0.5,8
13732,08/03/2019 19:01,Red Sauce,1,0.5,12
13727,08/03/2019 18:29,Mango Chutney,1,0.5,8
13727,08/03/2019 18:29,Mint Sauce,1,0.5,8
13725,08/03/2019 17:59,Mango Chutney,1,0.5,13
13725,08/03/2019 17:59,Mint Sauce,2,0.5,13
13725,08/03/2019 17:59,Onion Chutney,2,0.5,13
13725,08/03/2019 17:59,Red Sauce,2,0.5,13
13725,08/03/2019 17:59,Lime Pickle,1,0.5,13
13723,08/03/2019 17:52,Mango Chutney,3,0.5,7
13721,08/03/2019 17:23,Mango Chutney,1,0.5,14
13721,08/03/2019 17:23,Mint Sauce,1,0.5,14
13721,08/03/2019 17:23,Onion Chutney,1,0.5,14
13721,08/03/2019 17:23,Red Sauce,1,0.5,14
13721,08/03/2019 17:23,Lime Pickle,1,0.5,14
13718,08/03/2019 16:56,Mango Chutney,1,0.5,4
13714,07/03/2019 19:41,Red Sauce,1,0.5,5
13702,06/03/2019 20:20,Lime Pickle,1,0.5,3
13698,05/03/2019 22:50,Mint Sauce,1,0.5,5
13687,04/03/2019 19:53,Mango Chutney,1,0.5,9
13687,04/03/2019 19:53,Mint Sauce,1,0.5,9
13686,04/03/2019 19:48,Mango Chutney,1,0.5,10
13684,04/03/2019 17:41,Lime Pickle,1,0.5,10
13684,04/03/2019 17:41,Onion Chutney,1,0.5,10
13684,04/03/2019 17:41,Mango Chutney,1,0.5,10
13681,03/03/2019 20:19,Mango Chutney,1,0.5,5
13679,03/03/2019 18:46,Red Sauce,1,0.5,5
13674,03/03/2019 18:16,Onion Chutney,1,0.5,6
13667,02/03/2019 20:38,Mango Chutney,1,0.5,8
13664,02/03/2019 20:02,Mango Chutney,2,0.5,15
13664,02/03/2019 20:02,Mint Sauce,2,0.5,15
13664,02/03/2019 20:02,Onion Chutney,2,0.5,15
13664,02/03/2019 20:02,Red Sauce,2,0.5,15
13661,02/03/2019 19:47,Mango Chutney,1,0.5,5
13657,02/03/2019 19:26,Mango Chutney,1,0.5,7
13657,02/03/2019 19:26,Mint Sauce,1,0.5,7
13654,02/03/2019 18:53,Mango Chutney,1,0.5,8
13654,02/03/2019 18:53,Mint Sauce,1,0.5,8
13650,02/03/2019 18:35,Mango Chutney,1,0.5,7
13650,02/03/2019 18:35,Mint Sauce,1,0.5,7
13629,01/03/2019 20:23,Mango Chutney,1,0.5,8
13629,01/03/2019 20:23,Mint Sauce,1,0.5,8
13629,01/03/2019 20:23,Onion Chutney,1,0.5,8
13629,01/03/2019 20:23,Red Sauce,1,0.5,8
13626,01/03/2019 19:48,Mango Chutney,1,0.5,8
13626,01/03/2019 19:48,Onion Chutney,1,0.5,8
13625,01/03/2019 19:47,Lime Pickle,1,0.5,7
13625,01/03/2019 19:47,Mango Chutney,1,0.5,7
13625,01/03/2019 19:47,Red Sauce,1,0.5,7
13624,01/03/2019 19:14,Mint Sauce,2,0.5,8
13620,01/03/2019 18:41,Mango Chutney,2,0.5,6
13615,01/03/2019 18:11,Onion Chutney,1,0.5,9
13615,01/03/2019 18:11,Mango Chutney,1,0.5,9
13607,01/03/2019 17:07,Mango Chutney,1,0.5,5
13607,01/03/2019 17:07,Mint Sauce,1,0.5,5
13606,01/03/2019 16:55,Mint Sauce,1,0.5,17
13606,01/03/2019 16:55,Lime Pickle,1,0.5,17
13606,01/03/2019 16:55,Red Sauce,1,0.5,17
13606,01/03/2019 16:55,Onion Chutney,1,0.5,17
13598,28/02/2019 17:22,Mango Chutney,1,0.5,6
13597,28/02/2019 17:21,Mint Sauce,1,0.5,5
13589,27/02/2019 18:52,Mango Chutney,2,0.5,8
13589,27/02/2019 18:52,Mint Sauce,1,0.5,8
13583,26/02/2019 13:26,Mango Chutney,1,0.5,11
13583,26/02/2019 13:26,Mint Sauce,1,0.5,11
13583,26/02/2019 13:26,Red Sauce,1,0.5,11
13579,25/02/2019 19:52,Mint Sauce,1,0.5,8
13578,25/02/2019 19:47,Mango Chutney,1,0.5,9
13573,24/02/2019 19:40,Mint Sauce,2,0.5,6
13568,24/02/2019 18:36,Mango Chutney,1,0.5,7
13568,24/02/2019 18:36,Mint Sauce,1,0.5,7
13568,24/02/2019 18:36,Onion Chutney,1,0.5,7
13567,24/02/2019 18:36,Red Sauce,1,0.5,10
13562,24/02/2019 12:08,Mango Chutney,1,0.5,7
13562,24/02/2019 12:08,Onion Chutney,1,0.5,7
13560,23/02/2019 21:50,Red Sauce,1,0.5,7
13559,23/02/2019 21:35,Onion Chutney,1,0.5,5
13556,23/02/2019 20:25,Red Sauce,1,0.5,7
13553,23/02/2019 19:23,Mango Chutney,1,0.5,6
13552,23/02/2019 19:23,Mango Chutney,1,0.5,6
13548,23/02/2019 18:57,Mango Chutney,1,0.5,10
13548,23/02/2019 18:57,Mint Sauce,1,0.5,10
13544,23/02/2019 18:27,Red Sauce,1,0.5,7
13544,23/02/2019 18:27,Mango Chutney,1,0.5,7
13543,23/02/2019 17:38,Mango Chutney,1,0.5,8
13542,23/02/2019 17:26,Mint Sauce,1,0.5,6
13541,23/02/2019 17:16,Mango Chutney,1,0.5,6
13530,22/02/2019 19:32,Onion Chutney,1,0.5,8
13520,22/02/2019 18:33,Mango Chutney,1,0.5,9
13520,22/02/2019 18:33,Mint Sauce,1,0.5,9
13520,22/02/2019 18:33,Onion Chutney,1,0.5,9
13513,22/02/2019 17:50,Mango Chutney,1,0.5,8
13511,22/02/2019 17:34,Mango Chutney,1,0.5,11
13511,22/02/2019 17:34,Mint Sauce,1,0.5,11
13504,21/02/2019 18:22,Mango Chutney,2,0.5,8
13504,21/02/2019 18:22,Onion Chutney,2,0.5,8
13500,20/02/2019 19:43,Mango Chutney,1,0.5,6
13500,20/02/2019 19:43,Mint Sauce,1,0.5,6
13495,20/02/2019 18:20,Mango Chutney,1,0.5,8
13494,20/02/2019 18:12,Mango Chutney,1,0.5,7
13485,19/02/2019 18:55,Onion Chutney,1,0.5,6
13485,19/02/2019 18:55,Mango Chutney,1,0.5,6
13477,17/02/2019 21:14,Mango Chutney,1,0.5,4
13473,17/02/2019 17:20,Onion Chutney,2,0.5,8
13471,16/02/2019 21:44,Mango Chutney,1,0.5,7
13471,16/02/2019 21:44,Mint Sauce,1,0.5,7
13470,16/02/2019 20:54,Onion Chutney,1,0.5,6
13470,16/02/2019 20:54,Red Sauce,1,0.5,6
13466,16/02/2019 19:55,Mint Sauce,1,0.5,10
13466,16/02/2019 19:55,Onion Chutney,1,0.5,10
13460,16/02/2019 18:45,Mint Sauce,1,0.5,8
13458,16/02/2019 18:41,Red Sauce,1,0.5,5
13456,16/02/2019 18:26,Mango Chutney,1,0.5,7
13456,16/02/2019 18:26,Onion Chutney,2,0.5,7
13454,16/02/2019 18:15,Mango Chutney,1,0.5,6
13448,16/02/2019 17:53,Mint Sauce,2,0.5,13
13448,16/02/2019 17:53,Onion Chutney,2,0.5,13
13448,16/02/2019 17:53,Red Sauce,1,0.5,13
13448,16/02/2019 17:53,Lime Pickle,1,0.5,13
13442,16/02/2019 11:22,Mint Sauce,1,0.5,11
13442,16/02/2019 11:22,Mango Chutney,1,0.5,11
13439,15/02/2019 20:23,Mint Sauce,2,0.5,6
13439,15/02/2019 20:23,Mango Chutney,1,0.5,6
13438,15/02/2019 20:09,Mango Chutney,1,0.5,19
13438,15/02/2019 20:09,Mint Sauce,1,0.5,19
13438,15/02/2019 20:09,Red Sauce,1,0.5,19
13438,15/02/2019 20:09,Lime Pickle,1,0.5,19
13428,15/02/2019 18:35,Mango Chutney,1,0.5,12
13428,15/02/2019 18:35,Mint Sauce,1,0.5,12
13427,15/02/2019 18:34,Mango Chutney,1,0.5,7
13427,15/02/2019 18:34,Mint Sauce,1,0.5,7
13425,15/02/2019 18:29,Mango Chutney,1,0.5,9
13425,15/02/2019 18:29,Mint Sauce,1,0.5,9
13425,15/02/2019 18:29,Onion Chutney,1,0.5,9
13423,15/02/2019 18:24,Mango Chutney,1,0.5,10
13420,15/02/2019 18:16,Mango Chutney,1,0.5,8
13418,15/02/2019 18:04,Onion Chutney,1,0.5,7
13417,15/02/2019 17:59,Mint Sauce,2,0.5,7
13417,15/02/2019 17:59,Onion Chutney,1,0.5,7
13417,15/02/2019 17:59,Red Sauce,2,0.5,7
13416,15/02/2019 17:58,Mango Chutney,1,0.5,9
13416,15/02/2019 17:58,Mint Sauce,1,0.5,9
13413,15/02/2019 17:08,Mango Chutney,1,0.5,9
13413,15/02/2019 17:08,Red Sauce,1,0.5,9
13407,14/02/2019 19:34,Mint Sauce,1,0.5,6
13407,14/02/2019 19:34,Red Sauce,1,0.5,6
13404,14/02/2019 19:07,Mint Sauce,2,0.5,6
13397,14/02/2019 18:36,Mint Sauce,1,0.5,6
13397,14/02/2019 18:36,Mango Chutney,1,0.5,6
13396,14/02/2019 18:30,Mint Sauce,1,0.5,8
13396,14/02/2019 18:30,Mango Chutney,1,0.5,8
13396,14/02/2019 18:30,Onion Chutney,1,0.5,8
13393,14/02/2019 18:19,Mango Chutney,1,0.5,5
13393,14/02/2019 18:19,Onion Chutney,1,0.5,5
13386,14/02/2019 17:01,Mango Chutney,1,0.5,6
13373,12/02/2019 18:14,Mango Chutney,1,0.5,7
13360,10/02/2019 19:17,Mint Sauce,1,0.5,8
13360,10/02/2019 19:17,Mango Chutney,1,0.5,8
13351,09/02/2019 21:20,Mint Sauce,1,0.5,5
13346,09/02/2019 20:04,Mango Chutney,1,0.5,9
13346,09/02/2019 20:04,Onion Chutney,1,0.5,9
13346,09/02/2019 20:04,Red Sauce,1,0.5,9
13342,09/02/2019 19:10,Mint Sauce,1,0.5,10
13342,09/02/2019 19:10,Mango Chutney,1,0.5,10
13340,09/02/2019 19:04,Mint Sauce,1,0.5,9
13335,09/02/2019 18:24,Red Sauce,1,0.5,8
13328,09/02/2019 17:58,Mango Chutney,1,0.5,8
13328,09/02/2019 17:58,Onion Chutney,1,0.5,8
13324,09/02/2019 17:22,Mango Chutney,2,0.5,6
13321,08/02/2019 21:46,Mango Chutney,2,0.5,8
13321,08/02/2019 21:46,Onion Chutney,1,0.5,8
13313,08/02/2019 18:44,Lime Pickle,1,0.5,5
13307,08/02/2019 17:59,Onion Chutney,1,0.5,15
13307,08/02/2019 17:59,Red Sauce,2,0.5,15
13307,08/02/2019 17:59,Lime Pickle,1,0.5,15
13307,08/02/2019 17:59,Mint Sauce,1,0.5,15
13297,07/02/2019 18:52,Mango Chutney,2,0.5,13
13297,07/02/2019 18:52,Mint Sauce,1,0.5,13
13297,07/02/2019 18:52,Onion Chutney,1,0.5,13
13294,07/02/2019 18:30,Lime Pickle,1,0.5,5
13291,07/02/2019 17:56,Mango Chutney,3,0.5,9
13291,07/02/2019 17:56,Onion Chutney,2,0.5,9
13291,07/02/2019 17:56,Mint Sauce,2,0.5,9
13291,07/02/2019 17:56,Red Sauce,1,0.5,9
13290,07/02/2019 17:52,Mango Chutney,1,0.5,7
13274,05/02/2019 21:21,Onion Chutney,1,0.5,6
13274,05/02/2019 21:21,Red Sauce,1,0.5,6
13270,05/02/2019 19:20,Mango Chutney,1,0.5,5
13266,05/02/2019 19:02,Mango Chutney,1,0.5,5
13266,05/02/2019 19:02,Mint Sauce,1,0.5,5
13244,03/02/2019 18:08,Mango Chutney,1,0.5,11
13244,03/02/2019 18:08,Onion Chutney,1,0.5,11
13243,03/02/2019 17:24,Mango Chutney,1,0.5,7
13237,02/02/2019 20:30,Mint Sauce,1,0.5,9
13236,02/02/2019 20:16,Mint Sauce,2,0.5,6
13236,02/02/2019 20:16,Onion Chutney,2,0.5,6
13233,02/02/2019 19:45,Mint Sauce,2,0.5,6
13232,02/02/2019 19:43,Mango Chutney,1,0.5,6
13231,02/02/2019 19:41,Mango Chutney,2,0.5,9
13230,02/02/2019 19:36,Mango Chutney,1,0.5,5
13228,02/02/2019 19:09,Mint Sauce,1,0.5,9
13228,02/02/2019 19:09,Mango Chutney,1,0.5,9
13223,02/02/2019 18:42,Mango Chutney,2,0.5,7
13223,02/02/2019 18:42,Mint Sauce,2,0.5,7
13220,02/02/2019 18:19,Lime Pickle,1,0.5,8
13220,02/02/2019 18:19,Onion Chutney,1,0.5,8
13220,02/02/2019 18:19,Mango Chutney,1,0.5,8
13220,02/02/2019 18:19,Red Sauce,1,0.5,8
13220,02/02/2019 18:19,Lime Pickle,1,0.5,8
13220,02/02/2019 18:19,Onion Chutney,1,0.5,8
13220,02/02/2019 18:19,Mango Chutney,1,0.5,8
13220,02/02/2019 18:19,Red Sauce,1,0.5,8
13216,02/02/2019 18:10,Mango Chutney,2,0.5,7
13216,02/02/2019 18:10,Onion Chutney,2,0.5,7
13209,02/02/2019 17:23,Mango Chutney,1,0.5,6
13206,02/02/2019 17:02,Mint Sauce,1,0.5,9
13193,01/02/2019 18:59,Red Sauce,2,0.5,6
13189,01/02/2019 18:23,Mango Chutney,1,0.5,7
13189,01/02/2019 18:23,Mint Sauce,1,0.5,7
13184,01/02/2019 18:05,Mint Sauce,2,0.5,13
13184,01/02/2019 18:05,Onion Chutney,2,0.5,13
13184,01/02/2019 18:05,Red Sauce,2,0.5,13
13184,01/02/2019 18:05,Lime Pickle,1,0.5,13
13179,01/02/2019 17:12,Mango Chutney,1,0.5,8
13171,31/01/2019 19:20,Mango Chutney,1,0.5,9
13171,31/01/2019 19:20,Mint Sauce,1,0.5,9
13171,31/01/2019 19:20,Red Sauce,1,0.5,9
13168,31/01/2019 18:44,Mint Sauce,2,0.5,7
13166,31/01/2019 18:11,Mango Chutney,1,0.5,7
13163,31/01/2019 14:54,Mango Chutney,1,0.5,6
13149,30/01/2019 16:25,Mango Chutney,1,0.5,5
13148,29/01/2019 21:00,Mango Chutney,1,0.5,4
13147,29/01/2019 19:58,Onion Chutney,1,0.5,6
13147,29/01/2019 19:58,Mint Sauce,1,0.5,6
13144,29/01/2019 18:30,Mango Chutney,1,0.5,5
13143,29/01/2019 18:27,Mango Chutney,1,0.5,5
13140,28/01/2019 19:51,Mint Sauce,1,0.5,6
13140,28/01/2019 19:51,Mango Chutney,1,0.5,6
13140,28/01/2019 19:51,Lime Pickle,1,0.5,6
13139,28/01/2019 19:25,Mint Sauce,1,0.5,7
13139,28/01/2019 19:25,Red Sauce,1,0.5,7
13133,27/01/2019 21:08,Mango Chutney,1,0.5,5
13126,27/01/2019 19:03,Red Sauce,2,0.5,6
13113,26/01/2019 20:12,Mango Chutney,1,0.5,7
13113,26/01/2019 20:12,Mint Sauce,1,0.5,7
13113,26/01/2019 20:12,Onion Chutney,1,0.5,7
13107,26/01/2019 19:48,Mint Sauce,1,0.5,8
13105,26/01/2019 19:29,Lime Pickle,1,0.5,11
13105,26/01/2019 19:29,Red Sauce,1,0.5,11
13105,26/01/2019 19:29,Onion Chutney,1,0.5,11
13105,26/01/2019 19:29,Mango Chutney,1,0.5,11
13096,26/01/2019 18:42,Mint Sauce,2,0.5,8
13096,26/01/2019 18:42,Mango Chutney,2,0.5,8
13096,26/01/2019 18:42,Red Sauce,1,0.5,8
13093,26/01/2019 18:08,Lime Pickle,1,0.5,8
13093,26/01/2019 18:08,Mint Sauce,1,0.5,8
13093,26/01/2019 18:08,Mango Chutney,1,0.5,8
13092,26/01/2019 18:01,Mint Sauce,2,0.5,10
13084,25/01/2019 20:22,Mango Chutney,1,0.5,7
13083,25/01/2019 20:01,Red Sauce,1,0.5,5
13081,25/01/2019 19:10,Mango Chutney,1,0.5,11
13081,25/01/2019 19:10,Mint Sauce,1,0.5,11
13081,25/01/2019 19:10,Onion Chutney,1,0.5,11
13080,25/01/2019 18:53,Mango Chutney,1,0.5,8
13080,25/01/2019 18:53,Red Sauce,1,0.5,8
13080,25/01/2019 18:53,Onion Chutney,1,0.5,8
13079,25/01/2019 18:43,Mint Sauce,1,0.5,10
13072,25/01/2019 18:16,Mint Sauce,1,0.5,9
13071,25/01/2019 18:16,Mango Chutney,1,0.5,10
13069,25/01/2019 18:13,Lime Pickle,1,0.5,7
13069,25/01/2019 18:13,Mango Chutney,1,0.5,7
13069,25/01/2019 18:13,Red Sauce,1,0.5,7
13068,25/01/2019 18:09,Mint Sauce,2,0.5,8
13068,25/01/2019 18:09,Mango Chutney,1,0.5,8
13068,25/01/2019 18:09,Red Sauce,1,0.5,8
13064,25/01/2019 17:49,Mango Chutney,1,0.5,7
13054,24/01/2019 17:10,Red Sauce,1,0.5,6
13047,23/01/2019 19:49,Mint Sauce,2,0.5,6
13046,23/01/2019 18:57,Mango Chutney,1,0.5,11
13046,23/01/2019 18:57,Mint Sauce,1,0.5,11
13043,22/01/2019 20:38,Onion Chutney,1,0.5,5
13040,22/01/2019 19:32,Mint Sauce,1,0.5,11
13038,22/01/2019 18:01,Red Sauce,1,0.5,6
13023,19/01/2019 20:33,Mango Chutney,1,0.5,6
13023,19/01/2019 20:33,Red Sauce,1,0.5,6
13020,19/01/2019 19:41,Mint Sauce,2,0.5,8
13020,19/01/2019 19:41,Mango Chutney,1,0.5,8
13018,19/01/2019 19:26,Red Sauce,1,0.5,9
13018,19/01/2019 19:26,Mango Chutney,1,0.5,9
13018,19/01/2019 19:26,Onion Chutney,1,0.5,9
13016,19/01/2019 19:12,Mango Chutney,1,0.5,10
13016,19/01/2019 19:12,Mint Sauce,1,0.5,10
13016,19/01/2019 19:12,Onion Chutney,1,0.5,10
13016,19/01/2019 19:12,Lime Pickle,1,0.5,10
13013,19/01/2019 19:03,Mint Sauce,1,0.5,8
13013,19/01/2019 19:03,Mango Chutney,1,0.5,8
13013,19/01/2019 19:03,Onion Chutney,1,0.5,8
13013,19/01/2019 19:03,Lime Pickle,1,0.5,8
13007,19/01/2019 18:29,Onion Chutney,1,0.5,11
13007,19/01/2019 18:29,Mint Sauce,1,0.5,11
13007,19/01/2019 18:29,Red Sauce,1,0.5,11
13000,19/01/2019 17:22,Mango Chutney,1,0.5,6
12998,19/01/2019 17:01,Onion Chutney,1,0.5,4
12997,19/01/2019 16:44,Mango Chutney,2,0.5,4
12994,19/01/2019 13:39,Lime Pickle,1,0.5,6
12992,18/01/2019 21:33,Mint Sauce,1,0.5,7
12992,18/01/2019 21:33,Onion Chutney,1,0.5,7
12989,18/01/2019 20:09,Lime Pickle,1,0.5,13
12989,18/01/2019 20:09,Red Sauce,2,0.5,13
12989,18/01/2019 20:09,Onion Chutney,2,0.5,13
12989,18/01/2019 20:09,Mint Sauce,2,0.5,13
12989,18/01/2019 20:09,Mango Chutney,2,0.5,13
12987,18/01/2019 19:33,Mint Sauce,1,0.5,12
12987,18/01/2019 19:33,Mango Chutney,1,0.5,12
12986,18/01/2019 19:30,Mango Chutney,1,0.5,9
12986,18/01/2019 19:30,Mint Sauce,1,0.5,9
12980,18/01/2019 18:21,Mango Chutney,1,0.5,13
12980,18/01/2019 18:21,Mint Sauce,1,0.5,13
12980,18/01/2019 18:21,Onion Chutney,2,0.5,13
12980,18/01/2019 18:21,Red Sauce,1,0.5,13
12980,18/01/2019 18:21,Lime Pickle,1,0.5,13
12979,18/01/2019 18:20,Mango Chutney,2,0.5,7
12979,18/01/2019 18:20,Onion Chutney,1,0.5,7
12972,18/01/2019 16:49,Mint Sauce,1,0.5,6
12967,17/01/2019 19:34,Mint Sauce,2,0.5,6
12965,17/01/2019 18:47,Mango Chutney,1,0.5,6
12963,17/01/2019 18:14,Mango Chutney,1,0.5,7
12963,17/01/2019 18:14,Mint Sauce,1,0.5,7
12961,17/01/2019 17:28,Mango Chutney,2,0.5,7
12961,17/01/2019 17:28,Onion Chutney,2,0.5,7
12952,16/01/2019 18:36,Mint Sauce,1,0.5,8
12940,14/01/2019 17:40,Mango Chutney,1,0.5,10
12936,13/01/2019 19:15,Lime Pickle,1,0.5,9
12936,13/01/2019 19:15,Mint Sauce,1,0.5,9
12935,13/01/2019 18:36,Mango Chutney,1,0.5,11
12935,13/01/2019 18:36,Mint Sauce,1,0.5,11
12928,13/01/2019 17:15,Mango Chutney,1,0.5,11
12924,12/01/2019 21:39,Mango Chutney,1,0.5,8
12924,12/01/2019 21:39,Mint Sauce,1,0.5,8
12921,12/01/2019 20:02,Mango Chutney,1,0.5,12
12915,12/01/2019 19:30,Mango Chutney,1,0.5,8
12915,12/01/2019 19:30,Onion Chutney,1,0.5,8
12913,12/01/2019 19:28,Red Sauce,1,0.5,6
12911,12/01/2019 19:04,Mango Chutney,1,0.5,8
12910,12/01/2019 18:55,Mango Chutney,1,0.5,8
12910,12/01/2019 18:55,Mint Sauce,1,0.5,8
12910,12/01/2019 18:55,Red Sauce,1,0.5,8
12908,12/01/2019 18:15,Mango Chutney,1,0.5,7
12907,12/01/2019 18:15,Onion Chutney,1,0.5,7
12905,12/01/2019 17:54,Mango Chutney,1,0.5,6
12898,11/01/2019 19:09,Red Sauce,1,0.5,4
12895,11/01/2019 18:48,Lime Pickle,1,0.5,9
12895,11/01/2019 18:48,Mango Chutney,1,0.5,9
12893,11/01/2019 18:44,Mango Chutney,1,0.5,6
12890,11/01/2019 18:25,Mango Chutney,2,0.5,7
12890,11/01/2019 18:25,Onion Chutney,1,0.5,7
12884,10/01/2019 22:21,Mango Chutney,1,0.5,7
12880,10/01/2019 19:10,Mango Chutney,1,0.5,9
12871,08/01/2019 21:46,Mango Chutney,1,0.5,7
12870,08/01/2019 21:20,Onion Chutney,1,0.5,5
12844,05/01/2019 19:54,Mango Chutney,1,0.5,6
12842,05/01/2019 19:39,Mango Chutney,6,0.5,15
12842,05/01/2019 19:39,Mint Sauce,6,0.5,15
12840,05/01/2019 19:20,Mint Sauce,1,0.5,6
12839,05/01/2019 19:07,Mango Chutney,1,0.5,6
12835,05/01/2019 18:43,Mango Chutney,1,0.5,8
12835,05/01/2019 18:43,Mint Sauce,1,0.5,8
12834,05/01/2019 18:41,Mint Sauce,1,0.5,6
12833,05/01/2019 18:35,Mango Chutney,1,0.5,7
12830,05/01/2019 18:14,Mint Sauce,2,0.5,7
12828,05/01/2019 18:08,Mango Chutney,2,0.5,7
12828,05/01/2019 18:08,Onion Chutney,2,0.5,7
12825,05/01/2019 17:43,Mango Chutney,1,0.5,5
12822,05/01/2019 16:52,Onion Chutney,2,0.5,7
12812,04/01/2019 19:57,Mango Chutney,1,0.5,7
12812,04/01/2019 19:57,Red Sauce,1,0.5,7
12809,04/01/2019 19:12,Mango Chutney,1,0.5,5
12804,04/01/2019 18:20,Onion Chutney,1,0.5,8
12804,04/01/2019 18:20,Mint Sauce,1,0.5,8
12802,04/01/2019 18:07,Mango Chutney,2,0.5,7
12801,04/01/2019 17:51,Red Sauce,1,0.5,6
12801,04/01/2019 17:51,Mint Sauce,1,0.5,6
12800,04/01/2019 17:47,Mint Sauce,1,0.5,8
12789,03/01/2019 17:26,Onion Chutney,3,0.5,9
12789,03/01/2019 17:26,Mango Chutney,1,0.5,9
12789,03/01/2019 17:26,Red Sauce,2,0.5,9
12789,03/01/2019 17:26,Mint Sauce,1,0.5,9
12787,02/01/2019 18:55,Mint Sauce,1,0.5,4
12784,02/01/2019 17:44,Mint Sauce,1,0.5,6
12783,02/01/2019 17:39,Onion Chutney,1,0.5,11
12783,02/01/2019 17:39,Lime Pickle,1,0.5,11
12782,02/01/2019 16:51,Mango Chutney,1,0.5,11
12782,02/01/2019 16:51,Mint Sauce,1,0.5,11
12782,02/01/2019 16:51,Onion Chutney,1,0.5,11
12782,02/01/2019 16:51,Red Sauce,1,0.5,11
12782,02/01/2019 16:51,Lime Pickle,1,0.5,11
12772,01/01/2019 18:55,Mango Chutney,1,0.5,7
12772,01/01/2019 18:55,Mint Sauce,1,0.5,7
12767,01/01/2019 16:54,Mint Sauce,1,0.5,8
12765,31/12/2018 21:56,Mint Sauce,1,0.5,7
12764,31/12/2018 21:13,Mango Chutney,1,0.5,5
12763,31/12/2018 20:54,Mango Chutney,1,0.5,10
12763,31/12/2018 20:54,Mint Sauce,1,0.5,10
12763,31/12/2018 20:54,Onion Chutney,1,0.5,10
12763,31/12/2018 20:54,Red Sauce,1,0.5,10
12754,31/12/2018 19:07,Mint Sauce,3,0.5,13
12752,31/12/2018 19:05,Mango Chutney,3,0.5,10
12752,31/12/2018 19:05,Mint Sauce,1,0.5,10
12752,31/12/2018 19:05,Red Sauce,1,0.5,10
12744,31/12/2018 18:22,Mango Chutney,1,0.5,8
12744,31/12/2018 18:22,Mint Sauce,1,0.5,8
12744,31/12/2018 18:22,Lime Pickle,1,0.5,8
12743,31/12/2018 18:17,Mint Sauce,1,0.5,11
12743,31/12/2018 18:17,Mango Chutney,1,0.5,11
12739,31/12/2018 17:16,Mint Sauce,1,0.5,9
12736,31/12/2018 16:54,Lime Pickle,1,0.5,7
12735,31/12/2018 16:40,Mango Chutney,2,0.5,16
12734,31/12/2018 16:29,Mango Chutney,1,0.5,7
12731,30/12/2018 22:55,Mint Sauce,1,0.5,6
12731,30/12/2018 22:55,Mango Chutney,2,0.5,6
12730,30/12/2018 22:17,Mango Chutney,1,0.5,6
12727,30/12/2018 19:53,Mango Chutney,1,0.5,4
12724,30/12/2018 18:56,Mint Sauce,1,0.5,4
12719,30/12/2018 17:57,Mint Sauce,1,0.5,10
12719,30/12/2018 17:57,Onion Chutney,1,0.5,10
12719,30/12/2018 17:57,Lime Pickle,1,0.5,10
12719,30/12/2018 17:57,Mango Chutney,1,0.5,10
12715,30/12/2018 17:00,Mango Chutney,2,0.5,8
12715,30/12/2018 17:00,Red Sauce,1,0.5,8
12710,29/12/2018 17:56,Mint Sauce,1,0.5,9
12707,29/12/2018 17:33,Mango Chutney,1,0.5,6
12702,29/12/2018 13:40,Mango Chutney,1,0.5,13
12702,29/12/2018 13:40,Mint Sauce,1,0.5,13
12702,29/12/2018 13:40,Lime Pickle,1,0.5,13
12696,28/12/2018 19:21,Mint Sauce,2,0.5,6
12691,28/12/2018 18:34,Mango Chutney,2,0.5,10
12685,28/12/2018 16:47,Mango Chutney,1,0.5,7
12682,27/12/2018 19:17,Onion Chutney,1,0.5,8
12681,27/12/2018 19:14,Mango Chutney,1,0.5,11
12681,27/12/2018 19:14,Mint Sauce,1,0.5,11
12679,27/12/2018 18:51,Mango Chutney,3,0.5,16
12679,27/12/2018 18:51,Mint Sauce,2,0.5,16
12679,27/12/2018 18:51,Onion Chutney,4,0.5,16
12673,26/12/2018 18:13,Mint Sauce,1,0.5,4
12672,26/12/2018 18:13,Red Sauce,1,0.5,14
12672,26/12/2018 18:13,Mint Sauce,2,0.5,14
12672,26/12/2018 18:13,Mango Chutney,1,0.5,14
12671,26/12/2018 18:12,Mint Sauce,2,0.5,6
12662,24/12/2018 20:43,Mango Chutney,1,0.5,4
12660,24/12/2018 20:12,Mango Chutney,1,0.5,10
12660,24/12/2018 20:12,Mint Sauce,1,0.5,10
12657,24/12/2018 19:08,Onion Chutney,1,0.5,10
12656,24/12/2018 19:05,Mango Chutney,1,0.5,16
12656,24/12/2018 19:05,Mint Sauce,1,0.5,16
12656,24/12/2018 19:05,Onion Chutney,1,0.5,16
12656,24/12/2018 19:05,Lime Pickle,1,0.5,16
12653,24/12/2018 18:48,Mint Sauce,1,0.5,8
12653,24/12/2018 18:48,Mango Chutney,1,0.5,8
12653,24/12/2018 18:48,Red Sauce,1,0.5,8
12651,24/12/2018 18:40,Mint Sauce,1,0.5,3
12650,24/12/2018 18:36,Mango Chutney,2,0.5,12
12650,24/12/2018 18:36,Mint Sauce,1,0.5,12
12650,24/12/2018 18:36,Onion Chutney,1,0.5,12
12646,24/12/2018 18:07,Mango Chutney,1,0.5,7
12646,24/12/2018 18:07,Mint Sauce,1,0.5,7
12646,24/12/2018 18:07,Onion Chutney,1,0.5,7
12639,23/12/2018 21:12,Onion Chutney,1,0.5,4
12634,23/12/2018 19:44,Red Sauce,1,0.5,14
12634,23/12/2018 19:44,Onion Chutney,1,0.5,14
12634,23/12/2018 19:44,Mint Sauce,1,0.5,14
12634,23/12/2018 19:44,Mango Chutney,1,0.5,14
12626,23/12/2018 18:00,Mint Sauce,2,0.5,9
12626,23/12/2018 18:00,Onion Chutney,1,0.5,9
12626,23/12/2018 18:00,Mango Chutney,1,0.5,9
12625,23/12/2018 17:58,Mint Sauce,1,0.5,6
12625,23/12/2018 17:58,Onion Chutney,1,0.5,6
12624,23/12/2018 17:34,Mango Chutney,1,0.5,10
12624,23/12/2018 17:34,Onion Chutney,1,0.5,10
12612,22/12/2018 19:57,Onion Chutney,1,0.5,7
12612,22/12/2018 19:57,Mango Chutney,1,0.5,7
12611,22/12/2018 19:34,Onion Chutney,1,0.5,6
12611,22/12/2018 19:34,Mint Sauce,1,0.5,6
12610,22/12/2018 19:25,Mango Chutney,1,0.5,8
12610,22/12/2018 19:25,Mint Sauce,1,0.5,8
12609,22/12/2018 19:22,Mint Sauce,1,0.5,8
12609,22/12/2018 19:22,Mango Chutney,1,0.5,8
12599,22/12/2018 18:22,Mint Sauce,1,0.5,12
12599,22/12/2018 18:22,Onion Chutney,2,0.5,12
12599,22/12/2018 18:22,Red Sauce,1,0.5,12
12598,22/12/2018 18:20,Mango Chutney,1,0.5,10
12596,22/12/2018 18:02,Mango Chutney,1,0.5,6
12595,22/12/2018 17:36,Mint Sauce,2,0.5,9
12595,22/12/2018 17:36,Onion Chutney,1,0.5,9
12595,22/12/2018 17:36,Red Sauce,2,0.5,9
12594,22/12/2018 17:36,Mango Chutney,1,0.5,6
12593,22/12/2018 17:32,Onion Chutney,1,0.5,7
12593,22/12/2018 17:32,Mango Chutney,1,0.5,7
12592,22/12/2018 17:27,Mint Sauce,1,0.5,8
12592,22/12/2018 17:27,Onion Chutney,1,0.5,8
12590,21/12/2018 21:39,Lime Pickle,1,0.5,5
12590,21/12/2018 21:39,Onion Chutney,1,0.5,5
12588,21/12/2018 21:14,Mango Chutney,2,0.5,5
12585,21/12/2018 20:23,Onion Chutney,1,0.5,6
12584,21/12/2018 19:38,Red Sauce,1,0.5,5
12581,21/12/2018 19:22,Mint Sauce,2,0.5,6
12580,21/12/2018 19:19,Mango Chutney,1,0.5,8
12579,21/12/2018 19:05,Mango Chutney,2,0.5,7
12579,21/12/2018 19:05,Onion Chutney,1,0.5,7
12574,21/12/2018 17:25,Mango Chutney,1,0.5,7
12571,21/12/2018 16:49,Mango Chutney,1,0.5,12
12571,21/12/2018 16:49,Mint Sauce,1,0.5,12
12571,21/12/2018 16:49,Onion Chutney,1,0.5,12
12570,21/12/2018 12:23,Red Sauce,1,0.5,4
12561,20/12/2018 19:07,Mint Sauce,1,0.5,11
12561,20/12/2018 19:07,Red Sauce,2,0.5,11
12560,20/12/2018 18:54,Mango Chutney,1,0.5,7
12559,20/12/2018 18:48,Onion Chutney,1,0.5,6
12556,20/12/2018 16:26,Mint Sauce,1,0.5,5
12546,19/12/2018 14:42,Mint Sauce,1,0.5,4
12541,18/12/2018 18:33,Lime Pickle,1,0.5,4
12537,18/12/2018 13:04,Mango Chutney,1,0.5,5
12536,17/12/2018 21:41,Onion Chutney,1,0.5,4
12534,17/12/2018 20:11,Onion Chutney,1,0.5,6
12534,17/12/2018 20:11,Red Sauce,1,0.5,6
12532,17/12/2018 19:01,Mango Chutney,1,0.5,6
12532,17/12/2018 19:01,Mint Sauce,1,0.5,6
12531,17/12/2018 19:00,Mango Chutney,1,0.5,1
12526,16/12/2018 20:37,Mint Sauce,1,0.5,13
12526,16/12/2018 20:37,Mango Chutney,1,0.5,13
12526,16/12/2018 20:37,Onion Chutney,1,0.5,13
12518,16/12/2018 17:36,Mango Chutney,1,0.5,8
12518,16/12/2018 17:36,Onion Chutney,1,0.5,8
12508,15/12/2018 19:39,Mint Sauce,1,0.5,6
12506,15/12/2018 19:26,Mango Chutney,1,0.5,6
12503,15/12/2018 18:58,Mango Chutney,1,0.5,10
12503,15/12/2018 18:58,Mint Sauce,1,0.5,10
12499,15/12/2018 18:22,Lime Pickle,1,0.5,5
12496,15/12/2018 18:08,Mango Chutney,1,0.5,9
12492,15/12/2018 17:58,Mint Sauce,1,0.5,10
12492,15/12/2018 17:58,Mango Chutney,1,0.5,10
12492,15/12/2018 17:58,Lime Pickle,1,0.5,10
12489,15/12/2018 17:42,Onion Chutney,1,0.5,7
12486,15/12/2018 17:17,Red Sauce,1,0.5,12
12485,15/12/2018 16:53,Mint Sauce,2,0.5,9
12483,15/12/2018 16:22,Mango Chutney,2,0.5,8
12482,15/12/2018 14:15,Mango Chutney,1,0.5,10
12482,15/12/2018 14:15,Mint Sauce,1,0.5,10
12482,15/12/2018 14:15,Lime Pickle,1,0.5,10
12475,14/12/2018 19:53,Mint Sauce,1,0.5,8
12475,14/12/2018 19:53,Red Sauce,2,0.5,8
12475,14/12/2018 19:53,Mango Chutney,1,0.5,8
12473,14/12/2018 19:29,Red Sauce,1,0.5,5
12473,14/12/2018 19:29,Mint Sauce,1,0.5,5
12470,14/12/2018 19:07,Lime Pickle,1,0.5,8
12466,14/12/2018 18:47,Onion Chutney,1,0.5,7
12466,14/12/2018 18:47,Mint Sauce,1,0.5,7
12465,14/12/2018 18:42,Mango Chutney,2,0.5,7
12465,14/12/2018 18:42,Onion Chutney,1,0.5,7
12461,14/12/2018 17:53,Red Sauce,1,0.5,10
12461,14/12/2018 17:53,Lime Pickle,1,0.5,10
12461,14/12/2018 17:53,Mint Sauce,3,0.5,10
12461,14/12/2018 17:53,Onion Chutney,3,0.5,10
12460,14/12/2018 17:52,Mango Chutney,2,0.5,8
12458,14/12/2018 17:42,Mint Sauce,1,0.5,8
12458,14/12/2018 17:42,Mango Chutney,1,0.5,8
12454,13/12/2018 21:58,Onion Chutney,1,0.5,5
12444,13/12/2018 18:34,Mango Chutney,2,0.5,9
12444,13/12/2018 18:34,Onion Chutney,1,0.5,9
12441,13/12/2018 17:50,Mango Chutney,2,0.5,8
12441,13/12/2018 17:50,Onion Chutney,1,0.5,8
12437,12/12/2018 21:13,Red Sauce,1,0.5,7
12437,12/12/2018 21:13,Mango Chutney,2,0.5,7
12433,12/12/2018 18:50,Mango Chutney,1,0.5,7
12423,11/12/2018 17:16,Onion Chutney,1,0.5,20
12423,11/12/2018 17:16,Red Sauce,2,0.5,20
12423,11/12/2018 17:16,Mint Sauce,2,0.5,20
12418,10/12/2018 19:12,Mint Sauce,1,0.5,2
12417,10/12/2018 19:07,Lime Pickle,1,0.5,4
12416,10/12/2018 18:01,Mango Chutney,3,0.5,9
12412,10/12/2018 16:25,Mint Sauce,1,0.5,4
12411,10/12/2018 15:50,Mint Sauce,1,0.5,6
12408,09/12/2018 19:04,Mango Chutney,1,0.5,7
12397,08/12/2018 21:03,Red Sauce,1,0.5,3
12395,08/12/2018 20:42,Mint Sauce,1,0.5,11
12395,08/12/2018 20:42,Lime Pickle,1,0.5,11
12395,08/12/2018 20:42,Mango Chutney,1,0.5,11
12393,08/12/2018 19:59,Onion Chutney,1,0.5,5
12387,08/12/2018 19:19,Mango Chutney,3,0.5,11
12386,08/12/2018 19:11,Mango Chutney,1,0.5,7
12382,08/12/2018 18:52,Mint Sauce,1,0.5,10
12382,08/12/2018 18:52,Mango Chutney,1,0.5,10
12380,08/12/2018 18:43,Mango Chutney,1,0.5,9
12380,08/12/2018 18:43,Onion Chutney,1,0.5,9
12380,08/12/2018 18:43,Red Sauce,1,0.5,9
12365,07/12/2018 19:38,Mint Sauce,1,0.5,18
12365,07/12/2018 19:38,Lime Pickle,1,0.5,18
12365,07/12/2018 19:38,Red Sauce,1,0.5,18
12365,07/12/2018 19:38,Onion Chutney,2,0.5,18
12365,07/12/2018 19:38,Mango Chutney,1,0.5,18
12364,07/12/2018 19:36,Mango Chutney,1,0.5,7
12362,07/12/2018 19:23,Mango Chutney,1,0.5,7
12362,07/12/2018 19:23,Mint Sauce,1,0.5,7
12354,07/12/2018 18:38,Red Sauce,1,0.5,5
12345,06/12/2018 19:22,Mango Chutney,1,0.5,2
12344,06/12/2018 19:09,Onion Chutney,1,0.5,8
12342,06/12/2018 18:37,Mint Sauce,1,0.5,5
12341,06/12/2018 18:16,Mango Chutney,1,0.5,7
12327,04/12/2018 21:00,Onion Chutney,1,0.5,6
12327,04/12/2018 21:00,Red Sauce,1,0.5,6
12326,04/12/2018 20:31,Mint Sauce,1,0.5,9
12326,04/12/2018 20:31,Onion Chutney,1,0.5,9
12324,04/12/2018 19:28,Mango Chutney,2,0.5,8
12319,03/12/2018 18:57,Mint Sauce,2,0.5,6
12317,03/12/2018 18:15,Red Sauce,1,0.5,8
12317,03/12/2018 18:15,Mango Chutney,1,0.5,8
12315,03/12/2018 17:41,Mint Sauce,2,0.5,10
12315,03/12/2018 17:41,Onion Chutney,2,0.5,10
12315,03/12/2018 17:41,Red Sauce,1,0.5,10
12309,02/12/2018 18:52,Onion Chutney,1,0.5,4
12304,02/12/2018 18:32,Mango Chutney,1,0.5,4
12301,02/12/2018 18:03,Mango Chutney,1,0.5,9
12301,02/12/2018 18:03,Onion Chutney,1,0.5,9
12299,02/12/2018 17:36,Mango Chutney,2,0.5,5
12299,02/12/2018 17:36,Mint Sauce,1,0.5,5
12293,01/12/2018 19:54,Mango Chutney,1,0.5,8
12292,01/12/2018 19:52,Mango Chutney,2,0.5,12
12292,01/12/2018 19:52,Mint Sauce,1,0.5,12
12292,01/12/2018 19:52,Onion Chutney,2,0.5,12
12291,01/12/2018 19:37,Mint Sauce,1,0.5,10
12291,01/12/2018 19:37,Onion Chutney,1,0.5,10
12288,01/12/2018 18:59,Mango Chutney,1,0.5,10
12288,01/12/2018 18:59,Mint Sauce,1,0.5,10
12285,01/12/2018 18:36,Mango Chutney,2,0.5,10
12285,01/12/2018 18:36,Mint Sauce,2,0.5,10
12283,01/12/2018 18:25,Onion Chutney,1,0.5,10
12283,01/12/2018 18:25,Mint Sauce,1,0.5,10
12283,01/12/2018 18:25,Lime Pickle,1,0.5,10
12278,01/12/2018 17:58,Mango Chutney,1,0.5,12
12278,01/12/2018 17:58,Mint Sauce,1,0.5,12
12278,01/12/2018 17:58,Lime Pickle,1,0.5,12
12277,01/12/2018 17:50,Mango Chutney,1,0.5,7
12277,01/12/2018 17:50,Mint Sauce,1,0.5,7
12275,01/12/2018 17:41,Mango Chutney,1,0.5,7
12268,30/11/2018 21:41,Onion Chutney,1,0.5,7
12268,30/11/2018 21:41,Mango Chutney,1,0.5,7
12266,30/11/2018 21:05,Mango Chutney,1,0.5,7
12265,30/11/2018 20:47,Lime Pickle,1,0.5,4
12264,30/11/2018 20:44,Mint Sauce,2,0.5,6
12259,30/11/2018 20:00,Mint Sauce,2,0.5,6
12258,30/11/2018 19:33,Mango Chutney,2,0.5,4
12256,30/11/2018 19:12,Mango Chutney,1,0.5,9
12256,30/11/2018 19:12,Mint Sauce,1,0.5,9
12256,30/11/2018 19:12,Red Sauce,1,0.5,9
12254,30/11/2018 19:10,Mango Chutney,1,0.5,8
12254,30/11/2018 19:10,Mint Sauce,1,0.5,8
12253,30/11/2018 19:10,Mango Chutney,1,0.5,11
12253,30/11/2018 19:10,Mint Sauce,1,0.5,11
12252,30/11/2018 19:06,Mint Sauce,2,0.5,6
12251,30/11/2018 18:59,Red Sauce,1,0.5,9
12244,30/11/2018 18:25,Mango Chutney,1,0.5,13
12244,30/11/2018 18:25,Mint Sauce,1,0.5,13
12244,30/11/2018 18:25,Onion Chutney,2,0.5,13
12244,30/11/2018 18:25,Red Sauce,1,0.5,13
12240,30/11/2018 18:03,Mango Chutney,4,0.5,15
12240,30/11/2018 18:03,Onion Chutney,2,0.5,15
12240,30/11/2018 18:03,Mint Sauce,2,0.5,15
12238,30/11/2018 17:19,Mint Sauce,1,0.5,10
12238,30/11/2018 17:19,Mango Chutney,1,0.5,10
12237,30/11/2018 17:16,Mint Sauce,1,0.5,7
12236,30/11/2018 17:10,Mango Chutney,1,0.5,6
12225,28/11/2018 20:11,Mango Chutney,1,0.5,5
12223,28/11/2018 19:36,Onion Chutney,1,0.5,6
12223,28/11/2018 19:36,Red Sauce,1,0.5,6
12223,28/11/2018 19:36,Mint Sauce,1,0.5,6
12211,27/11/2018 11:48,Mango Chutney,1,0.5,3
12197,25/11/2018 18:47,Onion Chutney,1,0.5,10
12197,25/11/2018 18:47,Mango Chutney,1,0.5,10
12196,25/11/2018 18:37,Mint Sauce,1,0.5,8
12196,25/11/2018 18:37,Onion Chutney,1,0.5,8
12196,25/11/2018 18:37,Mango Chutney,1,0.5,8
12194,25/11/2018 18:12,Mint Sauce,1,0.5,11
12193,25/11/2018 17:40,Mango Chutney,1,0.5,7
12192,25/11/2018 17:33,Mango Chutney,1,0.5,8
12185,24/11/2018 21:12,Mango Chutney,1,0.5,5
12180,24/11/2018 19:16,Mango Chutney,2,0.5,8
12180,24/11/2018 19:16,Mint Sauce,2,0.5,8
12179,24/11/2018 18:47,Mango Chutney,1,0.5,8
12179,24/11/2018 18:47,Mint Sauce,1,0.5,8
12178,24/11/2018 18:29,Onion Chutney,1,0.5,9
12178,24/11/2018 18:29,Mango Chutney,1,0.5,9
12176,24/11/2018 18:25,Mango Chutney,2,0.5,5
12176,24/11/2018 18:25,Mint Sauce,1,0.5,5
12173,24/11/2018 18:11,Mint Sauce,1,0.5,5
12171,24/11/2018 18:00,Mint Sauce,2,0.5,5
12169,24/11/2018 17:13,Mango Chutney,1,0.5,8
12169,24/11/2018 17:13,Mint Sauce,1,0.5,8
12160,23/11/2018 19:20,Mango Chutney,1,0.5,9
12160,23/11/2018 19:20,Mint Sauce,1,0.5,9
12160,23/11/2018 19:20,Onion Chutney,1,0.5,9
